X,Y,Colcode
28,3,#81d3f4
29,3,#81d3f4
30,3,#81d3f4
31,3,#81d3f4
32,3,#81d3f4
33,3,#81d3f4
28,4,#81d3f4
29,4,#81d3f4
30,4,#81d3f4
31,4,#81d3f4
32,4,#81d3f4
33,4,#81d3f4
34,4,#81d3f4
35,4,#343737
36,4,#c3c6c7
28,5,#81d3f4
29,5,#81d3f4
30,5,#81d3f4
31,5,#81d3f4
32,5,#81d3f4
33,5,#81d3f4
34,5,#81d3f4
35,5,#81d3f4
36,5,#81d3f4
37,5,#81d3f4
38,5,#79c6e5
39,5,#cfcfcf
28,6,#81d3f4
29,6,#81d3f4
30,6,#81d3f4
31,6,#81d3f4
32,6,#81d3f4
33,6,#81d3f4
34,6,#81d3f4
35,6,#81d3f4
36,6,#81d3f4
37,6,#81d3f4
38,6,#81d3f4
39,6,#81d3f4
40,6,#81d3f4
41,6,#81d3f4
27,7,#c3c6c7
28,7,#81d3f4
29,7,#81d3f4
30,7,#81d3f4
31,7,#81d3f4
32,7,#81d3f4
33,7,#81d3f4
34,7,#81d3f4
35,7,#81d3f4
36,7,#81d3f4
37,7,#81d3f4
38,7,#81d3f4
39,7,#81d3f4
40,7,#81d3f4
41,7,#81d3f4
42,7,#81d3f4
43,7,#211c16
50,7,#cfcfcf
51,7,#b58040
52,7,#565047
53,7,#565047
27,8,#2c4954
28,8,#81d3f4
29,8,#81d3f4
30,8,#81d3f4
31,8,#81d3f4
32,8,#81d3f4
33,8,#81d3f4
34,8,#81d3f4
35,8,#81d3f4
36,8,#81d3f4
37,8,#81d3f4
38,8,#81d3f4
39,8,#81d3f4
40,8,#81d3f4
41,8,#81d3f4
42,8,#6cb0cc
43,8,#bd8542
44,8,#353432
45,8,#b58040
46,8,#f2aa55
47,8,#f2aa55
48,8,#f2aa55
49,8,#f2aa55
50,8,#f2aa55
51,8,#f2aa55
52,8,#f2aa55
53,8,#f2aa55
54,8,#f2aa55
55,8,#f2aa55
56,8,#b78140
27,9,#2c4954
28,9,#81d3f4
29,9,#81d3f4
30,9,#81d3f4
31,9,#81d3f4
32,9,#81d3f4
33,9,#81d3f4
34,9,#81d3f4
35,9,#81d3f4
36,9,#81d3f4
37,9,#81d3f4
38,9,#81d3f4
39,9,#81d3f4
40,9,#81d3f4
41,9,#81d3f4
42,9,#f2aa55
43,9,#f2aa55
44,9,#f2aa55
45,9,#f2aa55
46,9,#f2aa55
47,9,#f2aa55
48,9,#f2aa55
49,9,#f2aa55
50,9,#f2aa55
51,9,#f2aa55
52,9,#f2aa55
53,9,#f2aa55
54,9,#f2aa55
55,9,#f2aa55
56,9,#f2aa55
27,10,#2c4954
28,10,#81d3f4
29,10,#81d3f4
30,10,#81d3f4
31,10,#81d3f4
32,10,#81d3f4
33,10,#81d3f4
34,10,#81d3f4
35,10,#81d3f4
36,10,#81d3f4
37,10,#81d3f4
38,10,#81d3f4
39,10,#81d3f4
40,10,#81d3f4
41,10,#81d3f4
42,10,#f2aa55
43,10,#f2aa55
44,10,#f2aa55
45,10,#f2aa55
46,10,#f2aa55
47,10,#f2aa55
48,10,#f2aa55
49,10,#f2aa55
50,10,#f2aa55
51,10,#f2aa55
52,10,#f2aa55
53,10,#f2aa55
54,10,#f2aa55
55,10,#f2aa55
56,10,#f2aa55
57,10,#efefef
27,11,#416c7c
28,11,#81d3f4
29,11,#81d3f4
30,11,#81d3f4
31,11,#81d3f4
32,11,#81d3f4
33,11,#81d3f4
34,11,#81d3f4
35,11,#81d3f4
36,11,#81d3f4
37,11,#81d3f4
38,11,#81d3f4
39,11,#81d3f4
40,11,#81d3f4
41,11,#81d3f4
42,11,#68a3b9
43,11,#f2aa55
44,11,#f2aa55
45,11,#f2aa55
46,11,#f2aa55
47,11,#f2aa55
48,11,#f2aa55
49,11,#f2aa55
50,11,#f2aa55
51,11,#f2aa55
52,11,#f2aa55
53,11,#f2aa55
54,11,#f2aa55
55,11,#f2aa55
56,11,#f2aa55
57,11,#efefef
27,12,#81d3f4
28,12,#81d3f4
29,12,#81d3f4
30,12,#81d3f4
31,12,#81d3f4
32,12,#81d3f4
33,12,#81d3f4
34,12,#81d3f4
35,12,#81d3f4
36,12,#81d3f4
37,12,#81d3f4
38,12,#81d3f4
39,12,#81d3f4
40,12,#81d3f4
41,12,#81d3f4
42,12,#65a5be
43,12,#f2aa55
44,12,#f2aa55
45,12,#f2aa55
46,12,#f2aa55
47,12,#f2aa55
48,12,#f2aa55
49,12,#f2aa55
50,12,#f2aa55
51,12,#f2aa55
52,12,#f2aa55
53,12,#f2aa55
54,12,#f2aa55
55,12,#422e17
56,12,#f2aa55
27,13,#81d3f4
28,13,#81d3f4
29,13,#81d3f4
30,13,#81d3f4
31,13,#81d3f4
32,13,#81d3f4
33,13,#81d3f4
34,13,#81d3f4
35,13,#81d3f4
36,13,#81d3f4
37,13,#81d3f4
38,13,#81d3f4
39,13,#81d3f4
40,13,#81d3f4
41,13,#81d3f4
42,13,#81d3f4
43,13,#c18a48
44,13,#e39f50
45,13,#bd8542
46,13,#f2aa55
47,13,#f2aa55
48,13,#f2aa55
49,13,#f2aa55
50,13,#f2aa55
51,13,#f2aa55
52,13,#f2aa55
53,13,#f2aa55
27,14,#81d3f4
28,14,#81d3f4
29,14,#81d3f4
30,14,#81d3f4
31,14,#81d3f4
32,14,#81d3f4
33,14,#81d3f4
34,14,#81d3f4
35,14,#81d3f4
36,14,#81d3f4
37,14,#81d3f4
38,14,#81d3f4
39,14,#81d3f4
40,14,#81d3f4
41,14,#81d3f4
42,14,#81d3f4
43,14,#81d3f4
44,14,#81d3f4
45,14,#81d3f4
46,14,#ba8646
47,14,#f2aa55
48,14,#f2aa55
49,14,#f2aa55
50,14,#f2aa55
51,14,#f2aa55
52,14,#bb8342
26,15,#707070
27,15,#81d3f4
28,15,#81d3f4
29,15,#81d3f4
30,15,#81d3f4
31,15,#81d3f4
32,15,#81d3f4
33,15,#81d3f4
34,15,#81d3f4
35,15,#81d3f4
36,15,#81d3f4
37,15,#81d3f4
38,15,#81d3f4
39,15,#81d3f4
40,15,#81d3f4
41,15,#81d3f4
42,15,#81d3f4
43,15,#81d3f4
44,15,#81d3f4
45,15,#81d3f4
46,15,#f2aa55
47,15,#f2aa55
48,15,#f2aa55
49,15,#f2aa55
50,15,#f2aa55
51,15,#f2aa55
52,15,#f2aa55
53,15,#f2aa55
25,16,#cfcfcf
26,16,#81d3f4
27,16,#81d3f4
28,16,#81d3f4
29,16,#81d3f4
30,16,#81d3f4
31,16,#81d3f4
32,16,#81d3f4
33,16,#81d3f4
34,16,#81d3f4
35,16,#81d3f4
36,16,#81d3f4
37,16,#81d3f4
38,16,#81d3f4
39,16,#81d3f4
40,16,#81d3f4
41,16,#81d3f4
42,16,#81d3f4
43,16,#81d3f4
44,16,#81d3f4
45,16,#81d3f4
46,16,#f2aa55
47,16,#f2aa55
48,16,#f2aa55
49,16,#f2aa55
50,16,#f2aa55
51,16,#f2aa55
52,16,#f2aa55
21,17,#81d3f4
22,17,#81d3f4
23,17,#81d3f4
24,17,#81d3f4
25,17,#81d3f4
26,17,#81d3f4
27,17,#81d3f4
28,17,#81d3f4
29,17,#81d3f4
30,17,#81d3f4
31,17,#81d3f4
32,17,#81d3f4
33,17,#81d3f4
34,17,#81d3f4
35,17,#81d3f4
36,17,#81d3f4
37,17,#81d3f4
38,17,#81d3f4
39,17,#81d3f4
40,17,#385c6b
41,17,#ca8e47
42,17,#81d3f4
43,17,#81d3f4
44,17,#81d3f4
45,17,#64a3bd
46,17,#f2aa55
47,17,#f2aa55
48,17,#f2aa55
49,17,#f2aa55
50,17,#f2aa55
51,17,#f2aa55
52,17,#f2aa55
53,17,#e5a150
56,17,#3e2c16
57,17,#404040
58,17,#404040
59,17,#ca8e47
60,17,#514c45
21,18,#81d3f4
22,18,#81d3f4
23,18,#81d3f4
24,18,#81d3f4
25,18,#81d3f4
26,18,#81d3f4
27,18,#81d3f4
28,18,#81d3f4
29,18,#81d3f4
30,18,#81d3f4
31,18,#81d3f4
32,18,#81d3f4
33,18,#81d3f4
34,18,#81d3f4
35,18,#81d3f4
36,18,#81d3f4
37,18,#81d3f4
38,18,#81d3f4
39,18,#81d3f4
40,18,#f2aa55
41,18,#f2aa55
42,18,#81d3f4
43,18,#65a5be
44,18,#7b562b
45,18,#f2aa55
46,18,#f2aa55
47,18,#f2aa55
48,18,#f2aa55
49,18,#f2aa55
50,18,#f2aa55
51,18,#f2aa55
52,18,#f2aa55
53,18,#f2aa55
54,18,#c7c4c2
55,18,#f2aa55
56,18,#f2aa55
57,18,#f2aa55
58,18,#f2aa55
59,18,#f2aa55
19,19,#2c4954
20,19,#2c4954
21,19,#81d3f4
22,19,#81d3f4
23,19,#81d3f4
24,19,#81d3f4
25,19,#81d3f4
26,19,#81d3f4
27,19,#81d3f4
28,19,#81d3f4
29,19,#81d3f4
30,19,#81d3f4
31,19,#81d3f4
32,19,#81d3f4
33,19,#81d3f4
34,19,#81d3f4
35,19,#81d3f4
36,19,#81d3f4
37,19,#81d3f4
38,19,#81d3f4
39,19,#81d3f4
40,19,#f2aa55
41,19,#f2aa55
42,19,#f2aa55
43,19,#f2aa55
44,19,#f2aa55
45,19,#f2aa55
46,19,#f2aa55
47,19,#f2aa55
48,19,#f2aa55
49,19,#f2aa55
50,19,#f2aa55
51,19,#f2aa55
52,19,#f2aa55
53,19,#f2aa55
56,19,#bd8542
57,19,#f2aa55
58,19,#f2aa55
59,19,#bb8342
18,20,#4e8194
19,20,#81d3f4
20,20,#81d3f4
21,20,#81d3f4
22,20,#81d3f4
23,20,#81d3f4
24,20,#81d3f4
25,20,#81d3f4
26,20,#81d3f4
27,20,#81d3f4
28,20,#81d3f4
29,20,#81d3f4
30,20,#81d3f4
31,20,#81d3f4
32,20,#81d3f4
33,20,#81d3f4
34,20,#81d3f4
35,20,#81d3f4
36,20,#81d3f4
37,20,#81d3f4
38,20,#81d3f4
39,20,#2c4954
40,20,#f2aa55
41,20,#f2aa55
42,20,#f2aa55
43,20,#f2aa55
44,20,#f2aa55
45,20,#f2aa55
46,20,#f2aa55
47,20,#f2aa55
48,20,#f2aa55
49,20,#f2aa55
50,20,#f2aa55
51,20,#f2aa55
52,20,#f2aa55
53,20,#454442
54,20,#f2aa55
55,20,#f2aa55
56,20,#e39f50
57,20,#f2aa55
58,20,#f2aa55
59,20,#404040
16,21,#223841
17,21,#81d3f4
18,21,#81d3f4
19,21,#81d3f4
20,21,#81d3f4
21,21,#81d3f4
22,21,#81d3f4
23,21,#81d3f4
24,21,#81d3f4
25,21,#81d3f4
26,21,#81d3f4
27,21,#81d3f4
28,21,#81d3f4
29,21,#81d3f4
30,21,#81d3f4
31,21,#81d3f4
32,21,#81d3f4
33,21,#81d3f4
34,21,#81d3f4
35,21,#81d3f4
36,21,#81d3f4
37,21,#81d3f4
38,21,#81d3f4
39,21,#81d3f4
40,21,#e5a150
41,21,#f2aa55
42,21,#f2aa55
43,21,#f2aa55
44,21,#f2aa55
45,21,#f2aa55
46,21,#f2aa55
47,21,#f2aa55
48,21,#f2aa55
49,21,#f2aa55
50,21,#f2aa55
51,21,#f2aa55
52,21,#f2aa55
53,21,#f2aa55
54,21,#f2aa55
55,21,#f2aa55
56,21,#f2aa55
57,21,#f2aa55
58,21,#f2aa55
14,22,#223841
15,22,#81d3f4
16,22,#81d3f4
17,22,#81d3f4
18,22,#81d3f4
19,22,#81d3f4
20,22,#81d3f4
21,22,#81d3f4
22,22,#81d3f4
23,22,#81d3f4
24,22,#81d3f4
25,22,#81d3f4
26,22,#81d3f4
27,22,#81d3f4
28,22,#81d3f4
29,22,#81d3f4
30,22,#81d3f4
31,22,#81d3f4
32,22,#81d3f4
33,22,#81d3f4
34,22,#81d3f4
35,22,#81d3f4
36,22,#81d3f4
37,22,#81d3f4
38,22,#81d3f4
39,22,#81d3f4
40,22,#81d3f4
41,22,#f2aa55
42,22,#f2aa55
43,22,#f2aa55
44,22,#f2aa55
45,22,#f2aa55
46,22,#f2aa55
47,22,#f2aa55
48,22,#f2aa55
49,22,#f2aa55
50,22,#f2aa55
51,22,#f2aa55
52,22,#f2aa55
53,22,#f2aa55
54,22,#f2aa55
55,22,#f2aa55
56,22,#f2aa55
57,22,#f2aa55
58,22,#bd8542
14,23,#81d3f4
15,23,#81d3f4
16,23,#81d3f4
17,23,#81d3f4
18,23,#81d3f4
19,23,#81d3f4
20,23,#81d3f4
21,23,#81d3f4
22,23,#81d3f4
23,23,#81d3f4
24,23,#81d3f4
25,23,#81d3f4
26,23,#81d3f4
27,23,#81d3f4
28,23,#81d3f4
29,23,#81d3f4
30,23,#81d3f4
31,23,#81d3f4
32,23,#81d3f4
33,23,#81d3f4
34,23,#81d3f4
35,23,#81d3f4
36,23,#81d3f4
37,23,#81d3f4
38,23,#81d3f4
39,23,#81d3f4
40,23,#81d3f4
41,23,#567981
42,23,#f2aa55
43,23,#f2aa55
44,23,#f2aa55
45,23,#f2aa55
46,23,#f2aa55
47,23,#f2aa55
48,23,#f2aa55
49,23,#f2aa55
50,23,#f2aa55
51,23,#f2aa55
52,23,#f2aa55
53,23,#f2aa55
54,23,#f2aa55
55,23,#f2aa55
56,23,#f2aa55
57,23,#f2aa55
58,23,#f2aa55
82,23,#e5c8dc
83,23,#e5c8dc
84,23,#e5c8dc
13,24,#2c4954
14,24,#81d3f4
15,24,#81d3f4
16,24,#81d3f4
17,24,#81d3f4
18,24,#81d3f4
19,24,#81d3f4
20,24,#81d3f4
21,24,#81d3f4
22,24,#81d3f4
23,24,#81d3f4
24,24,#81d3f4
25,24,#81d3f4
26,24,#81d3f4
27,24,#81d3f4
28,24,#81d3f4
29,24,#81d3f4
30,24,#81d3f4
31,24,#81d3f4
32,24,#81d3f4
33,24,#81d3f4
34,24,#81d3f4
35,24,#81d3f4
36,24,#81d3f4
37,24,#81d3f4
38,24,#81d3f4
39,24,#81d3f4
40,24,#81d3f4
41,24,#81d3f4
42,24,#242823
43,24,#65a5be
44,24,#f2aa55
45,24,#f2aa55
46,24,#f2aa55
47,24,#f2aa55
48,24,#f2aa55
49,24,#f2aa55
50,24,#f2aa55
51,24,#f2aa55
52,24,#f2aa55
53,24,#f2aa55
54,24,#f2aa55
55,24,#f2aa55
56,24,#f2aa55
57,24,#f2aa55
58,24,#f2aa55
82,24,#e5c8dc
83,24,#e5c8dc
84,24,#e5c8dc
85,24,#e5c8dc
86,24,#cfcfcf
12,25,#20353d
13,25,#81d3f4
14,25,#81d3f4
15,25,#81d3f4
16,25,#81d3f4
17,25,#81d3f4
18,25,#81d3f4
19,25,#81d3f4
20,25,#81d3f4
21,25,#81d3f4
22,25,#81d3f4
23,25,#81d3f4
24,25,#81d3f4
25,25,#81d3f4
26,25,#81d3f4
27,25,#81d3f4
28,25,#81d3f4
29,25,#81d3f4
30,25,#81d3f4
31,25,#81d3f4
32,25,#81d3f4
33,25,#81d3f4
34,25,#81d3f4
35,25,#81d3f4
36,25,#81d3f4
37,25,#81d3f4
38,25,#81d3f4
39,25,#81d3f4
40,25,#81d3f4
41,25,#81d3f4
42,25,#81d3f4
43,25,#81d3f4
44,25,#81d3f4
45,25,#f2aa55
46,25,#f2aa55
47,25,#f2aa55
48,25,#f2aa55
49,25,#f2aa55
50,25,#f2aa55
51,25,#f2aa55
52,25,#f2aa55
53,25,#f2aa55
54,25,#f2aa55
55,25,#f2aa55
56,25,#f2aa55
57,25,#f2aa55
58,25,#f2aa55
82,25,#e5c8dc
83,25,#e5c8dc
84,25,#e5c8dc
85,25,#e5c8dc
86,25,#e5c8dc
13,26,#81d3f4
14,26,#81d3f4
15,26,#81d3f4
16,26,#81d3f4
17,26,#81d3f4
18,26,#81d3f4
19,26,#81d3f4
20,26,#81d3f4
21,26,#81d3f4
22,26,#81d3f4
23,26,#81d3f4
24,26,#81d3f4
25,26,#81d3f4
26,26,#81d3f4
27,26,#81d3f4
28,26,#81d3f4
29,26,#81d3f4
30,26,#81d3f4
31,26,#81d3f4
32,26,#81d3f4
33,26,#81d3f4
34,26,#81d3f4
35,26,#81d3f4
36,26,#81d3f4
37,26,#81d3f4
38,26,#81d3f4
39,26,#81d3f4
40,26,#81d3f4
41,26,#81d3f4
42,26,#81d3f4
43,26,#81d3f4
44,26,#81d3f4
45,26,#f2aa55
46,26,#f2aa55
47,26,#f2aa55
48,26,#f2aa55
49,26,#f2aa55
50,26,#f2aa55
51,26,#f2aa55
52,26,#f2aa55
53,26,#f2aa55
54,26,#f2aa55
55,26,#f2aa55
56,26,#f2aa55
57,26,#f2aa55
58,26,#f2aa55
59,26,#f2aa55
60,26,#c5c3c1
73,26,#efefef
80,26,#e5c8dc
82,26,#e5c8dc
83,26,#e5c8dc
84,26,#e5c8dc
85,26,#e5c8dc
86,26,#353535
12,27,#81d3f4
13,27,#81d3f4
14,27,#81d3f4
15,27,#81d3f4
16,27,#81d3f4
17,27,#81d3f4
18,27,#81d3f4
19,27,#81d3f4
20,27,#81d3f4
21,27,#81d3f4
22,27,#81d3f4
23,27,#81d3f4
24,27,#81d3f4
25,27,#81d3f4
26,27,#81d3f4
27,27,#81d3f4
28,27,#81d3f4
29,27,#20353d
30,27,#080d0f
31,27,#69abc6
32,27,#619eb7
33,27,#619eb7
34,27,#81d3f4
35,27,#81d3f4
36,27,#81d3f4
37,27,#81d3f4
38,27,#81d3f4
39,27,#81d3f4
40,27,#81d3f4
41,27,#81d3f4
42,27,#81d3f4
43,27,#81d3f4
44,27,#81d3f4
45,27,#7ac7e7
46,27,#f2aa55
47,27,#f2aa55
48,27,#f2aa55
49,27,#f2aa55
50,27,#f2aa55
51,27,#f2aa55
52,27,#f2aa55
53,27,#f2aa55
54,27,#f2aa55
55,27,#f2aa55
56,27,#f2aa55
57,27,#f2aa55
58,27,#f2aa55
59,27,#f2aa55
60,27,#f2aa55
61,27,#bd8542
72,27,#252325
73,27,#e5c8dc
74,27,#201e20
75,27,#404040
76,27,#e5c8dc
77,27,#e5c8dc
78,27,#b39cac
79,27,#404040
80,27,#e5c8dc
81,27,#b39cac
82,27,#e5c8dc
83,27,#e5c8dc
84,27,#e5c8dc
85,27,#e5c8dc
86,27,#e5c8dc
12,28,#81d3f4
13,28,#81d3f4
14,28,#81d3f4
15,28,#81d3f4
16,28,#81d3f4
17,28,#81d3f4
18,28,#81d3f4
19,28,#81d3f4
20,28,#81d3f4
21,28,#81d3f4
22,28,#81d3f4
23,28,#81d3f4
24,28,#81d3f4
25,28,#81d3f4
26,28,#619eb7
27,28,#619eb7
28,28,#18282e
29,28,#20353d
30,28,#000000
31,28,#81d3f4
32,28,#18282e
33,28,#304f5c
34,28,#20353d
35,28,#81d3f4
36,28,#81d3f4
37,28,#81d3f4
38,28,#81d3f4
39,28,#81d3f4
40,28,#81d3f4
41,28,#81d3f4
42,28,#81d3f4
43,28,#81d3f4
44,28,#81d3f4
45,28,#7b562b
46,28,#f2aa55
47,28,#f2aa55
48,28,#f2aa55
49,28,#f2aa55
50,28,#f2aa55
51,28,#f2aa55
52,28,#f2aa55
53,28,#f2aa55
54,28,#f2aa55
55,28,#f2aa55
56,28,#000000
57,28,#c58a45
58,28,#f2aa55
59,28,#f2aa55
60,28,#f2aa55
61,28,#f2aa55
62,28,#7b562b
72,28,#e5c8dc
73,28,#e5c8dc
74,28,#e5c8dc
75,28,#e5c8dc
76,28,#e5c8dc
77,28,#e5c8dc
78,28,#e5c8dc
79,28,#e5c8dc
80,28,#e5c8dc
81,28,#e5c8dc
82,28,#e5c8dc
83,28,#e5c8dc
84,28,#e5c8dc
85,28,#e5c8dc
86,28,#e5c8dc
12,29,#81d3f4
13,29,#81d3f4
14,29,#81d3f4
15,29,#81d3f4
16,29,#81d3f4
17,29,#81d3f4
18,29,#81d3f4
19,29,#81d3f4
20,29,#81d3f4
21,29,#81d3f4
22,29,#81d3f4
23,29,#81d3f4
24,29,#81d3f4
25,29,#81d3f4
26,29,#81d3f4
27,29,#81d3f4
28,29,#79c6e5
29,29,#81d3f4
30,29,#69abc6
31,29,#81d3f4
32,29,#81d3f4
33,29,#79c6e5
34,29,#81d3f4
35,29,#81d3f4
36,29,#81d3f4
37,29,#81d3f4
38,29,#81d3f4
39,29,#81d3f4
40,29,#81d3f4
41,29,#81d3f4
42,29,#81d3f4
43,29,#81d3f4
44,29,#81d3f4
45,29,#81d3f4
46,29,#81d3f4
47,29,#f2aa55
48,29,#f2aa55
49,29,#f2aa55
50,29,#f2aa55
51,29,#f2aa55
52,29,#f2aa55
53,29,#f2aa55
54,29,#f2aa55
55,29,#f2aa55
56,29,#f2aa55
57,29,#f2aa55
58,29,#f2aa55
59,29,#f2aa55
60,29,#f2aa55
61,29,#f2aa55
62,29,#f2aa55
63,29,#f2aa55
64,29,#ca8e47
65,29,#cfcfcf
66,29,#b39cac
67,29,#e5c8dc
68,29,#e5c8dc
69,29,#3c353b
71,29,#e5c8dc
72,29,#e5c8dc
73,29,#e5c8dc
74,29,#e5c8dc
75,29,#e5c8dc
76,29,#e5c8dc
77,29,#e5c8dc
78,29,#e5c8dc
79,29,#e5c8dc
80,29,#555355
81,29,#e5c8dc
82,29,#e5c8dc
83,29,#e5c8dc
84,29,#e5c8dc
85,29,#e5c8dc
86,29,#efefef
12,30,#81d3f4
13,30,#81d3f4
14,30,#81d3f4
15,30,#81d3f4
16,30,#81d3f4
17,30,#81d3f4
18,30,#81d3f4
19,30,#81d3f4
20,30,#81d3f4
21,30,#81d3f4
22,30,#81d3f4
23,30,#81d3f4
24,30,#81d3f4
25,30,#81d3f4
26,30,#81d3f4
27,30,#81d3f4
28,30,#81d3f4
29,30,#81d3f4
30,30,#81d3f4
31,30,#81d3f4
32,30,#81d3f4
33,30,#81d3f4
34,30,#81d3f4
35,30,#81d3f4
36,30,#81d3f4
37,30,#81d3f4
38,30,#81d3f4
39,30,#81d3f4
40,30,#81d3f4
41,30,#81d3f4
42,30,#81d3f4
43,30,#81d3f4
44,30,#81d3f4
45,30,#81d3f4
46,30,#81d3f4
47,30,#81d3f4
48,30,#f2aa55
49,30,#f2aa55
50,30,#f2aa55
51,30,#f2aa55
52,30,#f2aa55
53,30,#f2aa55
54,30,#f2aa55
55,30,#3d2b15
56,30,#000000
57,30,#0f0b05
58,30,#f2aa55
59,30,#f2aa55
60,30,#f2aa55
61,30,#f2aa55
62,30,#f2aa55
63,30,#f2aa55
64,30,#f2aa55
65,30,#f2aa55
66,30,#e5c8dc
67,30,#e5c8dc
68,30,#e5c8dc
69,30,#e5c8dc
70,30,#e5c8dc
71,30,#e5c8dc
72,30,#e5c8dc
73,30,#e5c8dc
74,30,#e5c8dc
78,30,#555355
80,30,#ac96a5
81,30,#e5c8dc
82,30,#e5c8dc
83,30,#e5c8dc
84,30,#e5c8dc
85,30,#e5c8dc
86,30,#e5c8dc
87,30,#e5c8dc
12,31,#81d3f4
13,31,#81d3f4
14,31,#81d3f4
15,31,#81d3f4
16,31,#81d3f4
17,31,#81d3f4
18,31,#81d3f4
19,31,#81d3f4
20,31,#81d3f4
21,31,#81d3f4
22,31,#81d3f4
23,31,#81d3f4
24,31,#81d3f4
25,31,#81d3f4
26,31,#81d3f4
27,31,#81d3f4
28,31,#81d3f4
29,31,#81d3f4
30,31,#81d3f4
31,31,#81d3f4
32,31,#81d3f4
33,31,#81d3f4
34,31,#81d3f4
35,31,#81d3f4
36,31,#81d3f4
37,31,#81d3f4
38,31,#81d3f4
39,31,#81d3f4
40,31,#81d3f4
41,31,#81d3f4
42,31,#81d3f4
43,31,#81d3f4
44,31,#81d3f4
45,31,#81d3f4
46,31,#81d3f4
47,31,#81d3f4
48,31,#81d3f4
49,31,#f2aa55
50,31,#f2aa55
51,31,#f2aa55
52,31,#f2aa55
53,31,#f2aa55
54,31,#f2aa55
55,31,#b58040
56,31,#000000
57,31,#000000
58,31,#f2aa55
59,31,#f2aa55
60,31,#f2aa55
61,31,#f2aa55
62,31,#f2aa55
63,31,#f2aa55
64,31,#f2aa55
65,31,#f2aa55
66,31,#e5c8dc
67,31,#e5c8dc
68,31,#e5c8dc
69,31,#e5c8dc
70,31,#e5c8dc
71,31,#e5c8dc
72,31,#e5c8dc
73,31,#e5c8dc
74,31,#b19baa
78,31,#707070
80,31,#e5c8dc
81,31,#e5c8dc
82,31,#e5c8dc
83,31,#e5c8dc
84,31,#e5c8dc
85,31,#e5c8dc
86,31,#e5c8dc
87,31,#e5c8dc
12,32,#81d3f4
13,32,#81d3f4
14,32,#81d3f4
15,32,#81d3f4
16,32,#81d3f4
17,32,#81d3f4
18,32,#81d3f4
19,32,#81d3f4
20,32,#81d3f4
21,32,#81d3f4
22,32,#81d3f4
23,32,#81d3f4
24,32,#81d3f4
25,32,#81d3f4
26,32,#81d3f4
27,32,#81d3f4
28,32,#81d3f4
29,32,#81d3f4
30,32,#81d3f4
31,32,#81d3f4
32,32,#81d3f4
33,32,#81d3f4
34,32,#81d3f4
35,32,#81d3f4
36,32,#81d3f4
37,32,#81d3f4
38,32,#81d3f4
39,32,#81d3f4
40,32,#81d3f4
41,32,#81d3f4
42,32,#81d3f4
43,32,#81d3f4
44,32,#81d3f4
45,32,#81d3f4
46,32,#81d3f4
47,32,#81d3f4
48,32,#81d3f4
49,32,#bb8342
50,32,#f2aa55
51,32,#f2aa55
52,32,#f2aa55
53,32,#f2aa55
54,32,#f2aa55
55,32,#6a4a25
56,32,#3d2b15
57,32,#5b4020
58,32,#f2aa55
59,32,#f2aa55
60,32,#f2aa55
61,32,#f2aa55
62,32,#f2aa55
63,32,#f2aa55
64,32,#f2aa55
65,32,#f2aa55
66,32,#e5c8dc
67,32,#e5c8dc
68,32,#e5c8dc
69,32,#e5c8dc
70,32,#e5c8dc
71,32,#e5c8dc
72,32,#e5c8dc
73,32,#e5c8dc
80,32,#e5c8dc
81,32,#e5c8dc
82,32,#e5c8dc
83,32,#e5c8dc
84,32,#e5c8dc
85,32,#e5c8dc
86,32,#e5c8dc
87,32,#3f373c
12,33,#333535
13,33,#81d3f4
14,33,#81d3f4
15,33,#81d3f4
16,33,#81d3f4
17,33,#81d3f4
18,33,#81d3f4
19,33,#81d3f4
20,33,#81d3f4
21,33,#81d3f4
22,33,#81d3f4
23,33,#81d3f4
24,33,#81d3f4
25,33,#81d3f4
26,33,#81d3f4
27,33,#81d3f4
28,33,#81d3f4
29,33,#81d3f4
30,33,#81d3f4
31,33,#81d3f4
32,33,#81d3f4
33,33,#81d3f4
34,33,#81d3f4
35,33,#81d3f4
36,33,#81d3f4
37,33,#81d3f4
38,33,#81d3f4
39,33,#81d3f4
40,33,#81d3f4
41,33,#81d3f4
42,33,#81d3f4
43,33,#81d3f4
44,33,#81d3f4
45,33,#81d3f4
46,33,#81d3f4
47,33,#81d3f4
48,33,#81d3f4
49,33,#81d3f4
50,33,#f2aa55
51,33,#f2aa55
52,33,#f2aa55
53,33,#f2aa55
54,33,#f2aa55
55,33,#3d2b15
56,33,#c58a45
57,33,#f2aa55
58,33,#f2aa55
59,33,#f2aa55
60,33,#f2aa55
61,33,#f2aa55
62,33,#f2aa55
63,33,#f2aa55
64,33,#f2aa55
65,33,#f2aa55
66,33,#f2aa55
67,33,#e5c8dc
68,33,#e5c8dc
69,33,#e5c8dc
70,33,#e5c8dc
71,33,#e5c8dc
72,33,#e5c8dc
73,33,#e5c8dc
80,33,#e5c8dc
81,33,#e5c8dc
82,33,#e5c8dc
83,33,#e5c8dc
84,33,#e5c8dc
85,33,#e5c8dc
86,33,#e5c8dc
13,34,#0e171b
14,34,#81d3f4
15,34,#2c4954
16,34,#81d3f4
17,34,#81d3f4
18,34,#81d3f4
19,34,#81d3f4
20,34,#81d3f4
21,34,#81d3f4
22,34,#81d3f4
23,34,#81d3f4
24,34,#81d3f4
25,34,#81d3f4
26,34,#81d3f4
27,34,#81d3f4
28,34,#81d3f4
29,34,#81d3f4
30,34,#81d3f4
31,34,#81d3f4
32,34,#81d3f4
33,34,#81d3f4
34,34,#81d3f4
35,34,#81d3f4
36,34,#81d3f4
37,34,#81d3f4
38,34,#81d3f4
39,34,#81d3f4
40,34,#81d3f4
41,34,#81d3f4
42,34,#81d3f4
43,34,#81d3f4
44,34,#81d3f4
45,34,#81d3f4
46,34,#81d3f4
47,34,#81d3f4
48,34,#81d3f4
49,34,#416c7c
50,34,#f2aa55
51,34,#f2aa55
52,34,#f2aa55
53,34,#f2aa55
54,34,#f2aa55
55,34,#000000
56,34,#886030
57,34,#886030
58,34,#f2aa55
59,34,#f2aa55
60,34,#f2aa55
61,34,#f2aa55
62,34,#f2aa55
63,34,#f2aa55
64,34,#f2aa55
65,34,#f2aa55
66,34,#45321b
67,34,#e5c8dc
68,34,#e5c8dc
69,34,#e5c8dc
70,34,#e5c8dc
71,34,#e5c8dc
72,34,#e5c8dc
73,34,#e5c8dc
80,34,#e5c8dc
81,34,#e5c8dc
82,34,#e5c8dc
83,34,#e5c8dc
84,34,#e5c8dc
85,34,#e5c8dc
86,34,#e5c8dc
87,34,#c4c4c4
19,35,#101010
20,35,#cfcfcf
21,35,#81d3f4
22,35,#81d3f4
23,35,#81d3f4
24,35,#81d3f4
25,35,#81d3f4
26,35,#81d3f4
27,35,#81d3f4
28,35,#81d3f4
29,35,#81d3f4
30,35,#81d3f4
31,35,#81d3f4
32,35,#81d3f4
33,35,#81d3f4
34,35,#81d3f4
35,35,#81d3f4
36,35,#81d3f4
37,35,#81d3f4
38,35,#81d3f4
39,35,#81d3f4
40,35,#81d3f4
41,35,#81d3f4
42,35,#81d3f4
43,35,#81d3f4
44,35,#81d3f4
45,35,#81d3f4
46,35,#81d3f4
47,35,#6cb0cc
48,35,#4a4f4f
49,35,#f2aa55
50,35,#f2aa55
51,35,#f2aa55
52,35,#f2aa55
53,35,#f2aa55
54,35,#f2aa55
55,35,#000000
56,35,#6a4a25
57,35,#b58040
58,35,#f2aa55
59,35,#f2aa55
60,35,#f2aa55
61,35,#f2aa55
62,35,#f2aa55
63,35,#f2aa55
64,35,#f2aa55
65,35,#f2aa55
66,35,#e5c8dc
67,35,#e5c8dc
68,35,#e5c8dc
69,35,#e5c8dc
70,35,#e5c8dc
71,35,#bfa7b8
72,35,#404040
81,35,#e5c8dc
82,35,#e5c8dc
83,35,#e5c8dc
84,35,#e5c8dc
85,35,#e5c8dc
86,35,#e5c8dc
22,36,#62a0b9
23,36,#81d3f4
24,36,#81d3f4
25,36,#81d3f4
26,36,#81d3f4
27,36,#81d3f4
28,36,#81d3f4
29,36,#81d3f4
30,36,#81d3f4
31,36,#81d3f4
32,36,#81d3f4
33,36,#81d3f4
34,36,#81d3f4
35,36,#81d3f4
36,36,#81d3f4
37,36,#81d3f4
38,36,#81d3f4
39,36,#81d3f4
40,36,#81d3f4
41,36,#81d3f4
42,36,#81d3f4
43,36,#81d3f4
44,36,#81d3f4
45,36,#81d3f4
46,36,#81d3f4
47,36,#a8b2b3
48,36,#4a4f4f
49,36,#f2aa55
50,36,#f2aa55
51,36,#f2aa55
52,36,#f2aa55
53,36,#f2aa55
54,36,#f2aa55
55,36,#f2aa55
56,36,#f2aa55
57,36,#f2aa55
58,36,#f2aa55
59,36,#f2aa55
60,36,#f2aa55
61,36,#f2aa55
62,36,#f2aa55
63,36,#f2aa55
64,36,#f2aa55
65,36,#bd8542
66,36,#e5c8dc
67,36,#e5c8dc
68,36,#e5c8dc
69,36,#c0a8b7
70,36,#cfcfcf
81,36,#e5c8dc
82,36,#e5c8dc
83,36,#e5c8dc
84,36,#e5c8dc
85,36,#e5c8dc
86,36,#e5c8dc
23,37,#333535
24,37,#81d3f4
25,37,#81d3f4
26,37,#81d3f4
27,37,#81d3f4
28,37,#81d3f4
29,37,#81d3f4
30,37,#81d3f4
31,37,#81d3f4
32,37,#81d3f4
33,37,#81d3f4
34,37,#81d3f4
35,37,#81d3f4
36,37,#81d3f4
37,37,#81d3f4
38,37,#81d3f4
39,37,#81d3f4
40,37,#81d3f4
41,37,#81d3f4
42,37,#81d3f4
43,37,#81d3f4
44,37,#81d3f4
45,37,#81d3f4
46,37,#81d3f4
47,37,#d7e4e5
48,37,#4a4f4f
49,37,#f2aa55
50,37,#f2aa55
51,37,#f2aa55
52,37,#f2aa55
53,37,#f2aa55
54,37,#f2aa55
55,37,#f2aa55
56,37,#f2aa55
57,37,#f2aa55
58,37,#f2aa55
59,37,#f2aa55
60,37,#f2aa55
61,37,#f2aa55
62,37,#f2aa55
63,37,#f2aa55
64,37,#f2aa55
65,37,#4e454c
66,37,#e5c8dc
67,37,#e5c8dc
68,37,#c4c4c4
80,37,#ad98a7
81,37,#e5c8dc
82,37,#e5c8dc
83,37,#e5c8dc
84,37,#e5c8dc
85,37,#e5c8dc
86,37,#3f373c
14,38,#81d3f4
15,38,#c2c4c5
16,38,#81d3f4
24,38,#707070
25,38,#81d3f4
26,38,#81d3f4
27,38,#81d3f4
28,38,#81d3f4
29,38,#81d3f4
30,38,#81d3f4
31,38,#81d3f4
32,38,#81d3f4
33,38,#81d3f4
34,38,#81d3f4
35,38,#81d3f4
36,38,#81d3f4
37,38,#81d3f4
38,38,#81d3f4
39,38,#81d3f4
40,38,#81d3f4
41,38,#81d3f4
42,38,#81d3f4
43,38,#81d3f4
44,38,#81d3f4
45,38,#81d3f4
46,38,#a7b2b3
47,38,#d7e4e5
48,38,#d7e4e5
49,38,#d7e4e5
50,38,#f2aa55
51,38,#f2aa55
52,38,#f2aa55
53,38,#f2aa55
54,38,#f2aa55
55,38,#f2aa55
56,38,#f2aa55
57,38,#f2aa55
58,38,#f2aa55
59,38,#f2aa55
60,38,#f2aa55
61,38,#f2aa55
62,38,#f2aa55
63,38,#f2aa55
64,38,#f2aa55
65,38,#e5c8dc
66,38,#e5c8dc
78,38,#3c353b
79,38,#e5c8dc
80,38,#e5c8dc
81,38,#e5c8dc
82,38,#e5c8dc
83,38,#e5c8dc
84,38,#e5c8dc
85,38,#cfcfcf
15,39,#bfbfbf
17,39,#619eb7
18,39,#0b1215
25,39,#21373f
26,39,#81d3f4
27,39,#81d3f4
28,39,#81d3f4
29,39,#81d3f4
30,39,#81d3f4
31,39,#81d3f4
32,39,#81d3f4
33,39,#81d3f4
34,39,#81d3f4
35,39,#81d3f4
36,39,#81d3f4
37,39,#81d3f4
38,39,#81d3f4
39,39,#81d3f4
40,39,#81d3f4
41,39,#81d3f4
42,39,#81d3f4
43,39,#81d3f4
44,39,#81d3f4
45,39,#81d3f4
46,39,#81d3f4
47,39,#a5b2b3
48,39,#d7e4e5
49,39,#d7e4e5
50,39,#523c20
51,39,#f2aa55
52,39,#f2aa55
53,39,#f2aa55
54,39,#f2aa55
55,39,#f2aa55
56,39,#f2aa55
57,39,#f2aa55
58,39,#f2aa55
59,39,#f2aa55
60,39,#f2aa55
61,39,#f2aa55
62,39,#f2aa55
63,39,#f2aa55
64,39,#251d17
65,39,#e5c8dc
66,39,#3c353b
71,39,#555355
73,39,#3b3439
74,39,#b39cac
75,39,#b39cac
76,39,#e5c8dc
77,39,#e5c8dc
78,39,#e5c8dc
79,39,#e5c8dc
80,39,#e5c8dc
81,39,#e5c8dc
82,39,#e5c8dc
83,39,#e5c8dc
84,39,#bfa7b8
26,40,#7ac7e7
27,40,#81d3f4
28,40,#81d3f4
29,40,#81d3f4
30,40,#81d3f4
31,40,#81d3f4
32,40,#81d3f4
33,40,#81d3f4
34,40,#81d3f4
35,40,#81d3f4
36,40,#81d3f4
37,40,#81d3f4
38,40,#81d3f4
39,40,#81d3f4
40,40,#81d3f4
41,40,#81d3f4
42,40,#81d3f4
43,40,#81d3f4
44,40,#81d3f4
45,40,#81d3f4
46,40,#81d3f4
47,40,#81d3f4
48,40,#cbd8d8
49,40,#d7e4e5
50,40,#f2aa55
51,40,#f2aa55
52,40,#f2aa55
53,40,#f2aa55
54,40,#f2aa55
55,40,#f2aa55
56,40,#f2aa55
57,40,#f2aa55
58,40,#f2aa55
59,40,#f2aa55
60,40,#f2aa55
61,40,#f2aa55
62,40,#f2aa55
63,40,#ca8e47
64,40,#e5c8dc
65,40,#d8bdd0
68,40,#bfbfbf
71,40,#e5c8dc
72,40,#c1c1c1
74,40,#e5c8dc
75,40,#e5c8dc
76,40,#e5c8dc
77,40,#e5c8dc
78,40,#e5c8dc
79,40,#e5c8dc
80,40,#e5c8dc
81,40,#e5c8dc
82,40,#e5c8dc
83,40,#d8bdd0
27,41,#81d3f4
28,41,#81d3f4
29,41,#81d3f4
30,41,#81d3f4
31,41,#81d3f4
32,41,#81d3f4
33,41,#81d3f4
34,41,#81d3f4
35,41,#81d3f4
36,41,#81d3f4
37,41,#81d3f4
38,41,#81d3f4
39,41,#81d3f4
40,41,#81d3f4
41,41,#81d3f4
42,41,#81d3f4
43,41,#81d3f4
44,41,#81d3f4
45,41,#81d3f4
46,41,#81d3f4
47,41,#81d3f4
48,41,#39515a
49,41,#d7e4e5
50,41,#342f26
51,41,#f2aa55
52,41,#f2aa55
53,41,#3f403e
54,41,#f2aa55
55,41,#f2aa55
56,41,#f2aa55
57,41,#f2aa55
58,41,#f2aa55
59,41,#f2aa55
60,41,#f2aa55
61,41,#f2aa55
62,41,#6a4a25
63,41,#e5c8dc
64,41,#4e454c
66,41,#373637
67,41,#e5c8dc
68,41,#e5c8dc
69,41,#e5c8dc
70,41,#bfa7b8
71,41,#e5c8dc
72,41,#bfa7b8
73,41,#c0a8b7
74,41,#e5c8dc
75,41,#e5c8dc
76,41,#e5c8dc
77,41,#e5c8dc
78,41,#e5c8dc
79,41,#e5c8dc
80,41,#e5c8dc
81,41,#e5c8dc
82,41,#e5c8dc
27,42,#2c4954
28,42,#81d3f4
29,42,#81d3f4
30,42,#81d3f4
31,42,#81d3f4
32,42,#81d3f4
33,42,#81d3f4
34,42,#81d3f4
35,42,#81d3f4
36,42,#81d3f4
37,42,#81d3f4
38,42,#81d3f4
39,42,#81d3f4
40,42,#81d3f4
41,42,#81d3f4
42,42,#81d3f4
43,42,#81d3f4
44,42,#81d3f4
45,42,#81d3f4
46,42,#81d3f4
47,42,#cbd8d8
48,42,#d7e4e5
49,42,#d7e4e5
50,42,#d7e4e5
51,42,#cbd8d8
52,42,#f2aa55
53,42,#d7e4e5
54,42,#f2aa55
55,42,#f2aa55
56,42,#f2aa55
57,42,#f2aa55
58,42,#f2aa55
59,42,#f2aa55
60,42,#f2aa55
61,42,#f2aa55
62,42,#b59ead
63,42,#efefef
65,42,#3b3439
66,42,#e5c8dc
67,42,#e5c8dc
68,42,#e5c8dc
69,42,#e5c8dc
70,42,#e5c8dc
71,42,#e5c8dc
72,42,#e5c8dc
73,42,#e5c8dc
74,42,#e5c8dc
75,42,#e5c8dc
76,42,#e5c8dc
77,42,#e5c8dc
78,42,#e5c8dc
79,42,#e5c8dc
80,42,#e5c8dc
81,42,#e5c8dc
82,42,#e5c8dc
83,42,#404040
28,43,#81d3f4
29,43,#81d3f4
30,43,#81d3f4
31,43,#81d3f4
32,43,#81d3f4
33,43,#81d3f4
34,43,#81d3f4
35,43,#81d3f4
36,43,#81d3f4
37,43,#81d3f4
38,43,#81d3f4
39,43,#81d3f4
40,43,#81d3f4
41,43,#81d3f4
42,43,#81d3f4
43,43,#81d3f4
44,43,#81d3f4
45,43,#81d3f4
46,43,#81d3f4
47,43,#d7e4e5
48,43,#d7e4e5
49,43,#d7e4e5
50,43,#d7e4e5
51,43,#d7e4e5
52,43,#d7e4e5
53,43,#d7e4e5
54,43,#6d7475
55,43,#f2aa55
56,43,#f2aa55
57,43,#f2aa55
58,43,#f2aa55
59,43,#f2aa55
60,43,#f2aa55
61,43,#f2aa55
62,43,#e5c8dc
64,43,#454345
65,43,#e5c8dc
66,43,#e5c8dc
67,43,#e5c8dc
68,43,#e5c8dc
69,43,#e5c8dc
70,43,#e5c8dc
71,43,#e5c8dc
72,43,#e5c8dc
73,43,#e5c8dc
74,43,#e5c8dc
75,43,#e5c8dc
76,43,#e5c8dc
77,43,#e5c8dc
78,43,#e5c8dc
79,43,#e5c8dc
80,43,#e5c8dc
81,43,#e5c8dc
82,43,#e5c8dc
83,43,#8d7c88
84,43,#f2f5b8
85,43,#f2f5b8
86,43,#f2f5b8
87,43,#f2f5b8
28,44,#939697
29,44,#81d3f4
30,44,#81d3f4
31,44,#81d3f4
32,44,#81d3f4
33,44,#81d3f4
34,44,#81d3f4
35,44,#81d3f4
36,44,#81d3f4
37,44,#81d3f4
38,44,#81d3f4
39,44,#81d3f4
40,44,#81d3f4
41,44,#81d3f4
42,44,#81d3f4
43,44,#81d3f4
44,44,#81d3f4
45,44,#81d3f4
46,44,#81d3f4
47,44,#d7e4e5
48,44,#d7e4e5
49,44,#d7e4e5
50,44,#d7e4e5
51,44,#d7e4e5
52,44,#d7e4e5
53,44,#d7e4e5
54,44,#d7e4e5
55,44,#f2aa55
56,44,#f2aa55
57,44,#f2aa55
58,44,#f2aa55
59,44,#f2aa55
60,44,#f2aa55
61,44,#f2aa55
62,44,#e5c8dc
63,44,#403e40
64,44,#e5c8dc
65,44,#e5c8dc
66,44,#e5c8dc
67,44,#e5c8dc
68,44,#e5c8dc
69,44,#e5c8dc
70,44,#d7bbce
71,44,#baa2b3
72,44,#2b2629
73,44,#ac96a5
74,44,#ac96a5
75,44,#393237
76,44,#393237
77,44,#e5c8dc
78,44,#e5c8dc
79,44,#e5c8dc
80,44,#e5c8dc
81,44,#e5c8dc
82,44,#e5c8dc
83,44,#f2f5b8
84,44,#f2f5b8
85,44,#f2f5b8
86,44,#f2f5b8
87,44,#f2f5b8
30,45,#81d3f4
31,45,#81d3f4
32,45,#81d3f4
33,45,#81d3f4
34,45,#81d3f4
35,45,#81d3f4
36,45,#81d3f4
37,45,#81d3f4
38,45,#81d3f4
39,45,#81d3f4
40,45,#81d3f4
41,45,#81d3f4
42,45,#81d3f4
43,45,#81d3f4
44,45,#81d3f4
45,45,#81d3f4
46,45,#354b53
47,45,#d7e4e5
48,45,#d7e4e5
49,45,#d7e4e5
50,45,#d7e4e5
51,45,#d7e4e5
52,45,#d7e4e5
53,45,#d7e4e5
54,45,#d7e4e5
55,45,#f2aa55
56,45,#f2aa55
57,45,#f2aa55
58,45,#f2aa55
59,45,#f2aa55
60,45,#f2aa55
61,45,#f2aa55
62,45,#e5c8dc
63,45,#e5c8dc
64,45,#e5c8dc
65,45,#e5c8dc
66,45,#e5c8dc
67,45,#e5c8dc
68,45,#e5c8dc
69,45,#ac96a5
70,45,#ac96a5
71,45,#e5c8dc
72,45,#393237
73,45,#000000
74,45,#ac96a5
75,45,#baa2b3
76,45,#ac96a5
77,45,#e5c8dc
78,45,#e5c8dc
79,45,#e5c8dc
80,45,#e5c8dc
81,45,#e5c8dc
82,45,#e5c8dc
83,45,#b59fae
84,45,#f2f5b8
85,45,#f2f5b8
86,45,#f2f5b8
87,45,#f2f5b8
31,46,#81d3f4
32,46,#81d3f4
33,46,#81d3f4
34,46,#81d3f4
35,46,#81d3f4
36,46,#81d3f4
37,46,#81d3f4
38,46,#233a43
39,46,#81d3f4
40,46,#81d3f4
41,46,#81d3f4
42,46,#81d3f4
43,46,#81d3f4
44,46,#81d3f4
45,46,#81d3f4
46,46,#a9b4b5
47,46,#d7e4e5
48,46,#d7e4e5
49,46,#d7e4e5
50,46,#d7e4e5
51,46,#d7e4e5
52,46,#d7e4e5
53,46,#d7e4e5
54,46,#d7e4e5
55,46,#f2aa55
56,46,#f2aa55
57,46,#f2aa55
58,46,#f2aa55
59,46,#f2aa55
60,46,#f2aa55
61,46,#f2aa55
62,46,#e5c8dc
63,46,#e5c8dc
64,46,#e5c8dc
65,46,#e5c8dc
66,46,#e5c8dc
67,46,#e5c8dc
68,46,#e5c8dc
69,46,#e5c8dc
70,46,#e5c8dc
71,46,#e5c8dc
72,46,#d7bbce
73,46,#ac96a5
74,46,#ac96a5
75,46,#ac96a5
76,46,#e5c8dc
77,46,#e5c8dc
78,46,#e5c8dc
79,46,#e5c8dc
80,46,#e5c8dc
81,46,#e5c8dc
82,46,#e5c8dc
83,46,#f2f5b8
84,46,#f2f5b8
85,46,#f2f5b8
86,46,#f2f5b8
87,46,#f2f5b8
27,47,#3b4446
28,47,#81d3f4
29,47,#81d3f4
33,47,#bfbfbf
34,47,#c3c6c7
35,47,#81d3f4
41,47,#2c4954
42,47,#81d3f4
43,47,#81d3f4
44,47,#81d3f4
45,47,#81d3f4
46,47,#d7e4e5
47,47,#d7e4e5
48,47,#d7e4e5
49,47,#d7e4e5
50,47,#d7e4e5
51,47,#d7e4e5
52,47,#d7e4e5
53,47,#d7e4e5
54,47,#d7e4e5
55,47,#45331d
56,47,#f2aa55
57,47,#f2aa55
58,47,#f2aa55
59,47,#f2aa55
60,47,#f2aa55
61,47,#bd8542
62,47,#e5c8dc
63,47,#e5c8dc
64,47,#e5c8dc
65,47,#e5c8dc
66,47,#e5c8dc
67,47,#e5c8dc
68,47,#e5c8dc
69,47,#e5c8dc
70,47,#e5c8dc
71,47,#e5c8dc
72,47,#e5c8dc
73,47,#e5c8dc
74,47,#e5c8dc
75,47,#e5c8dc
76,47,#e5c8dc
77,47,#e5c8dc
78,47,#e5c8dc
79,47,#e5c8dc
80,47,#e5c8dc
81,47,#e5c8dc
82,47,#5b5b47
83,47,#f2f5b8
84,47,#f2f5b8
85,47,#f2f5b8
86,47,#f2f5b8
87,47,#f2f5b8
88,47,#262721
24,48,#6cb0cc
25,48,#81d3f4
26,48,#81d3f4
27,48,#81d3f4
28,48,#81d3f4
29,48,#65a5be
43,48,#6cb0cc
44,48,#81d3f4
45,48,#20282a
46,48,#d7e4e5
47,48,#d7e4e5
48,48,#d7e4e5
49,48,#d7e4e5
50,48,#d7e4e5
51,48,#d7e4e5
52,48,#d7e4e5
53,48,#d7e4e5
54,48,#d7e4e5
55,48,#d7e4e5
56,48,#f2aa55
57,48,#f2aa55
58,48,#f2aa55
59,48,#f2aa55
60,48,#f2aa55
61,48,#bb8342
62,48,#e5c8dc
63,48,#e5c8dc
64,48,#e5c8dc
65,48,#e5c8dc
66,48,#e5c8dc
67,48,#e5c8dc
68,48,#e5c8dc
69,48,#e5c8dc
70,48,#e5c8dc
71,48,#e5c8dc
72,48,#e5c8dc
73,48,#e5c8dc
74,48,#e5c8dc
75,48,#e5c8dc
76,48,#e5c8dc
77,48,#e5c8dc
78,48,#e5c8dc
79,48,#e5c8dc
80,48,#e5c8dc
81,48,#2a2924
82,48,#f2f5b8
83,48,#f2f5b8
84,48,#f2f5b8
85,48,#f2f5b8
86,48,#f2f5b8
87,48,#f2f5b8
88,48,#f2f5b8
21,49,#223841
22,49,#6cb0cc
23,49,#81d3f4
24,49,#81d3f4
25,49,#81d3f4
26,49,#81d3f4
27,49,#81d3f4
28,49,#cfcfcf
43,49,#bfbfbf
44,49,#d7e4e5
45,49,#d7e4e5
46,49,#d7e4e5
47,49,#d7e4e5
48,49,#d7e4e5
49,49,#d7e4e5
50,49,#d7e4e5
51,49,#d7e4e5
52,49,#d7e4e5
53,49,#d7e4e5
54,49,#bc7f9a
55,49,#6d7475
56,49,#f2aa55
57,49,#f2aa55
58,49,#f2aa55
59,49,#f2aa55
60,49,#f2aa55
61,49,#f2aa55
62,49,#f2aa55
63,49,#e5c8dc
64,49,#e5c8dc
65,49,#e5c8dc
66,49,#e5c8dc
67,49,#e5c8dc
68,49,#e5c8dc
69,49,#e5c8dc
70,49,#e5c8dc
71,49,#e5c8dc
72,49,#e5c8dc
73,49,#e5c8dc
74,49,#e5c8dc
75,49,#e5c8dc
76,49,#e5c8dc
77,49,#e5c8dc
78,49,#e5c8dc
79,49,#e5c8dc
80,49,#746670
81,49,#f2f5b8
82,49,#f2f5b8
83,49,#f2f5b8
84,49,#f2f5b8
85,49,#f2f5b8
86,49,#f2f5b8
87,49,#f2f5b8
88,49,#f2f5b8
20,50,#81d3f4
21,50,#81d3f4
22,50,#81d3f4
23,50,#81d3f4
24,50,#81d3f4
25,50,#81d3f4
26,50,#6cb0cc
43,50,#bfbfbf
44,50,#d7e4e5
45,50,#cad6d7
46,50,#a1abac
47,50,#a1abac
48,50,#d7e4e5
49,50,#d7e4e5
50,50,#d7e4e5
51,50,#d7e4e5
52,50,#d7e4e5
53,50,#d7e4e5
54,50,#f1a2c5
55,50,#f2aa55
56,50,#f2aa55
57,50,#f2aa55
58,50,#f2aa55
59,50,#f2aa55
60,50,#f2aa55
61,50,#f2aa55
62,50,#f2aa55
63,50,#f2aa55
64,50,#e5c8dc
65,50,#e5c8dc
66,50,#e5c8dc
67,50,#e5c8dc
68,50,#e5c8dc
69,50,#e5c8dc
70,50,#e5c8dc
71,50,#e5c8dc
72,50,#e5c8dc
73,50,#e5c8dc
74,50,#e5c8dc
75,50,#e5c8dc
76,50,#e5c8dc
77,50,#e5c8dc
78,50,#e5c8dc
79,50,#e5c8dc
80,50,#f2f5b8
81,50,#f2f5b8
82,50,#f2f5b8
83,50,#f2f5b8
84,50,#f2f5b8
85,50,#f2f5b8
86,50,#f2f5b8
87,50,#f2f5b8
88,50,#f2f5b8
89,50,#b7ba8b
18,51,#707070
19,51,#81d3f4
20,51,#81d3f4
21,51,#81d3f4
22,51,#81d3f4
23,51,#81d3f4
24,51,#0e171b
43,51,#bfbfbf
44,51,#d7e4e5
45,51,#d7e4e5
46,51,#0d0e0e
47,51,#d7e4e5
48,51,#d7e4e5
49,51,#d7e4e5
50,51,#d7e4e5
51,51,#d7e4e5
52,51,#d7e4e5
53,51,#f1a2c5
54,51,#f1a2c5
55,51,#f2aa55
56,51,#f2aa55
57,51,#f2aa55
58,51,#f2aa55
59,51,#f2aa55
60,51,#f2aa55
61,51,#f2aa55
62,51,#f2aa55
63,51,#f2aa55
64,51,#ca8e47
65,51,#e5c8dc
66,51,#e5c8dc
67,51,#e5c8dc
68,51,#7b7d5d
69,51,#bcbe91
70,51,#5b5353
71,51,#e5c8dc
72,51,#e5c8dc
73,51,#e5c8dc
74,51,#e5c8dc
75,51,#e5c8dc
76,51,#e5c8dc
77,51,#e5c8dc
78,51,#e5c8dc
79,51,#f2f5b8
80,51,#f2f5b8
81,51,#f2f5b8
82,51,#f2f5b8
83,51,#f2f5b8
84,51,#f2f5b8
85,51,#f2f5b8
86,51,#f2f5b8
87,51,#f2f5b8
88,51,#f2f5b8
89,51,#f2f5b8
15,52,#cfcfcf
16,52,#bfbfbf
17,52,#6cb0cc
18,52,#81d3f4
19,52,#81d3f4
20,52,#81d3f4
21,52,#81d3f4
22,52,#81d3f4
23,52,#192930
44,52,#6d7475
45,52,#d7e4e5
46,52,#d7e4e5
47,52,#d7e4e5
48,52,#d7e4e5
49,52,#d7e4e5
50,52,#d7e4e5
51,52,#d7e4e5
52,52,#f1a2c5
53,52,#f1a2c5
54,52,#f1a2c5
55,52,#33231d
56,52,#f2aa55
57,52,#f2aa55
58,52,#f2aa55
59,52,#f2aa55
60,52,#f2aa55
61,52,#f2aa55
62,52,#f2aa55
63,52,#f2aa55
64,52,#f2aa55
65,52,#e5c8dc
66,52,#e5c8dc
67,52,#2a2825
68,52,#f2f5b8
69,52,#f2f5b8
70,52,#f2f5b8
71,52,#e5c8dc
72,52,#e5c8dc
73,52,#e5c8dc
74,52,#e5c8dc
75,52,#e5c8dc
76,52,#e5c8dc
77,52,#423b3f
78,52,#f2f5b8
79,52,#f2f5b8
80,52,#f2f5b8
81,52,#f2f5b8
82,52,#f2f5b8
83,52,#f2f5b8
84,52,#f2f5b8
85,52,#f2f5b8
86,52,#f2f5b8
87,52,#f2f5b8
88,52,#f2f5b8
89,52,#f2f5b8
14,53,#81d3f4
15,53,#81d3f4
16,53,#81d3f4
17,53,#81d3f4
18,53,#81d3f4
19,53,#81d3f4
20,53,#81d3f4
21,53,#81d3f4
22,53,#81d3f4
43,53,#d7e4e5
44,53,#d7e4e5
45,53,#d7e4e5
46,53,#d7e4e5
47,53,#a1abac
48,53,#d7e4e5
49,53,#d7e4e5
50,53,#d7e4e5
51,53,#312a2e
52,53,#f1a2c5
53,53,#f1a2c5
54,53,#f1a2c5
55,53,#f1a2c5
56,53,#f1a2c5
57,53,#e4a152
58,53,#f2aa55
59,53,#f2aa55
60,53,#bd8542
61,53,#f2aa55
62,53,#f2aa55
63,53,#f2aa55
64,53,#533a1d
65,53,#f2f5b8
66,53,#f2f5b8
67,53,#f2f5b8
68,53,#f2f5b8
69,53,#f2f5b8
70,53,#f2f5b8
71,53,#f2f5b8
72,53,#f2f5b8
73,53,#b39dab
74,53,#e5c8dc
75,53,#e5c8dc
76,53,#2a2924
77,53,#f2f5b8
78,53,#f2f5b8
79,53,#f2f5b8
80,53,#f2f5b8
81,53,#f2f5b8
82,53,#f2f5b8
83,53,#f2f5b8
84,53,#f2f5b8
85,53,#f2f5b8
86,53,#f2f5b8
87,53,#f2f5b8
88,53,#f2f5b8
89,53,#939570
14,54,#81d3f4
15,54,#81d3f4
16,54,#81d3f4
17,54,#81d3f4
18,54,#81d3f4
19,54,#81d3f4
20,54,#81d3f4
21,54,#81d3f4
22,54,#333535
42,54,#d7e4e5
43,54,#d7e4e5
44,54,#d7e4e5
45,54,#d7e4e5
46,54,#282b2b
47,54,#798081
48,54,#d7e4e5
49,54,#d7e4e5
50,54,#f1a2c5
51,54,#f1a2c5
52,54,#f1a2c5
53,54,#f1a2c5
54,54,#f1a2c5
55,54,#f1a2c5
56,54,#f1a2c5
57,54,#f1a2c5
58,54,#f1a2c5
59,54,#f1a2c5
60,54,#f1a2c5
61,54,#f1a2c5
62,54,#ca8e47
63,54,#f2aa55
64,54,#534227
65,54,#f2f5b8
66,54,#f2f5b8
67,54,#f2f5b8
68,54,#f2f5b8
69,54,#f2f5b8
70,54,#f2f5b8
71,54,#f2f5b8
72,54,#f2f5b8
73,54,#f2f5b8
74,54,#f2f5b8
75,54,#f2f5b8
76,54,#f2f5b8
77,54,#f2f5b8
78,54,#f2f5b8
79,54,#f2f5b8
80,54,#f2f5b8
81,54,#f2f5b8
82,54,#f2f5b8
83,54,#f2f5b8
84,54,#f2f5b8
85,54,#f2f5b8
86,54,#f2f5b8
87,54,#bfbfbf
14,55,#81d3f4
15,55,#81d3f4
16,55,#81d3f4
17,55,#81d3f4
18,55,#81d3f4
19,55,#81d3f4
20,55,#81d3f4
21,55,#81d3f4
22,55,#81d3f4
39,55,#cfcfcf
40,55,#d7e4e5
41,55,#d7e4e5
42,55,#d7e4e5
43,55,#d7e4e5
44,55,#d7e4e5
45,55,#d7e4e5
46,55,#d7e4e5
47,55,#d7e4e5
48,55,#d7e4e5
49,55,#d7e4e5
50,55,#f1a2c5
51,55,#f1a2c5
52,55,#f1a2c5
53,55,#f1a2c5
54,55,#f1a2c5
55,55,#f1a2c5
56,55,#f1a2c5
57,55,#f1a2c5
58,55,#f1a2c5
59,55,#f1a2c5
60,55,#f1a2c5
61,55,#f1a2c5
62,55,#956935
63,55,#f2aa55
64,55,#c988a5
65,55,#f2f5b8
66,55,#f2f5b8
67,55,#f2f5b8
68,55,#f2f5b8
69,55,#f2f5b8
70,55,#f2f5b8
71,55,#f2f5b8
72,55,#f2f5b8
73,55,#f2f5b8
74,55,#f2f5b8
75,55,#f2f5b8
76,55,#f2f5b8
77,55,#f2f5b8
78,55,#f2f5b8
79,55,#f2f5b8
80,55,#f2f5b8
81,55,#f2f5b8
82,55,#f2f5b8
83,55,#f2f5b8
84,55,#f2f5b8
85,55,#f2f5b8
14,56,#81d3f4
15,56,#81d3f4
16,56,#81d3f4
17,56,#81d3f4
18,56,#81d3f4
19,56,#81d3f4
20,56,#81d3f4
21,56,#81d3f4
22,56,#81d3f4
38,56,#7e8686
39,56,#d7e4e5
40,56,#d7e4e5
41,56,#d7e4e5
42,56,#d7e4e5
43,56,#d7e4e5
44,56,#d7e4e5
45,56,#d7e4e5
46,56,#798081
47,56,#0d0e0e
48,56,#d7e4e5
49,56,#d7e4e5
50,56,#f1a2c5
51,56,#f1a2c5
52,56,#f1a2c5
53,56,#f1a2c5
54,56,#f1a2c5
55,56,#f1a2c5
56,56,#f1a2c5
57,56,#f1a2c5
58,56,#f1a2c5
59,56,#f1a2c5
60,56,#f1a2c5
61,56,#f1a2c5
62,56,#f1a2c5
63,56,#f1a2c5
64,56,#6c5256
65,56,#f2f5b8
66,56,#f2f5b8
67,56,#f2f5b8
68,56,#f2f5b8
69,56,#f2f5b8
70,56,#f2f5b8
71,56,#f2f5b8
72,56,#f2f5b8
73,56,#f2f5b8
74,56,#f2f5b8
75,56,#f2f5b8
76,56,#f2f5b8
77,56,#f2f5b8
78,56,#f2f5b8
79,56,#f2f5b8
80,56,#f2f5b8
81,56,#f2f5b8
82,56,#f2f5b8
83,56,#f2f5b8
84,56,#f2f5b8
85,56,#f2f5b8
14,57,#0b1215
15,57,#81d3f4
16,57,#81d3f4
17,57,#81d3f4
18,57,#81d3f4
19,57,#81d3f4
20,57,#81d3f4
21,57,#81d3f4
22,57,#81d3f4
36,57,#6d7475
37,57,#d7e4e5
38,57,#d7e4e5
39,57,#d7e4e5
40,57,#d7e4e5
41,57,#d7e4e5
42,57,#d7e4e5
43,57,#d7e4e5
44,57,#d7e4e5
45,57,#cad6d7
46,57,#a1abac
47,57,#363939
48,57,#d7e4e5
49,57,#f1a2c5
50,57,#f1a2c5
51,57,#f1a2c5
52,57,#f1a2c5
53,57,#f1a2c5
54,57,#f1a2c5
55,57,#f1a2c5
56,57,#f1a2c5
57,57,#f1a2c5
58,57,#f1a2c5
59,57,#f1a2c5
60,57,#f1a2c5
61,57,#f1a2c5
62,57,#f1a2c5
63,57,#f1a2c5
64,57,#745a5c
65,57,#f2f5b8
66,57,#f2f5b8
67,57,#f2f5b8
68,57,#f2f5b8
69,57,#f2f5b8
70,57,#f2f5b8
71,57,#f2f5b8
72,57,#f2f5b8
73,57,#f2f5b8
74,57,#f2f5b8
75,57,#f2f5b8
76,57,#f2f5b8
77,57,#f2f5b8
78,57,#f2f5b8
79,57,#f2f5b8
80,57,#f2f5b8
81,57,#f2f5b8
82,57,#f2f5b8
83,57,#f2f5b8
84,57,#f2f5b8
85,57,#2f3024
14,58,#101010
15,58,#4b7c8f
16,58,#81d3f4
17,58,#81d3f4
18,58,#6cb0cc
19,58,#65a5be
20,58,#81d3f4
21,58,#65a5be
24,58,#afe67b
25,58,#bfbfbf
26,58,#89b460
27,58,#4a4f4f
28,58,#d7e4e5
29,58,#bfbfbf
30,58,#bfbfbf
31,58,#bfbfbf
32,58,#bfbfbf
33,58,#4a4f4f
34,58,#d7e4e5
35,58,#d7e4e5
36,58,#d7e4e5
37,58,#d7e4e5
38,58,#d7e4e5
39,58,#d7e4e5
40,58,#d7e4e5
41,58,#d7e4e5
42,58,#d7e4e5
43,58,#d7e4e5
44,58,#d7e4e5
45,58,#d7e4e5
46,58,#d7e4e5
47,58,#d7e4e5
48,58,#d7e4e5
49,58,#f1a2c5
50,58,#f1a2c5
51,58,#f1a2c5
52,58,#f1a2c5
53,58,#f1a2c5
54,58,#f1a2c5
55,58,#f1a2c5
56,58,#f1a2c5
57,58,#f1a2c5
58,58,#f1a2c5
59,58,#f1a2c5
60,58,#f1a2c5
61,58,#f1a2c5
62,58,#f1a2c5
63,58,#cacd9a
64,58,#f2f5b8
65,58,#f2f5b8
66,58,#f2f5b8
67,58,#f2f5b8
68,58,#f2f5b8
69,58,#f2f5b8
70,58,#f2f5b8
71,58,#f2f5b8
72,58,#f2f5b8
73,58,#f2f5b8
74,58,#f2f5b8
75,58,#f2f5b8
76,58,#f2f5b8
77,58,#f2f5b8
78,58,#f2f5b8
79,58,#f2f5b8
80,58,#f2f5b8
81,58,#f2f5b8
82,58,#f2f5b8
83,58,#f2f5b8
84,58,#707070
26,59,#afe67b
27,59,#4a4f4f
28,59,#d7e4e5
29,59,#d7e4e5
30,59,#d7e4e5
31,59,#d7e4e5
32,59,#d7e4e5
33,59,#d7e4e5
34,59,#d7e4e5
35,59,#d7e4e5
36,59,#d7e4e5
37,59,#d7e4e5
38,59,#d7e4e5
39,59,#d7e4e5
40,59,#d7e4e5
41,59,#d7e4e5
42,59,#d7e4e5
43,59,#d7e4e5
44,59,#d7e4e5
45,59,#d7e4e5
46,59,#d7e4e5
47,59,#d7e4e5
48,59,#d7e4e5
49,59,#f1a2c5
50,59,#f1a2c5
51,59,#f1a2c5
52,59,#f1a2c5
53,59,#f1a2c5
54,59,#f1a2c5
55,59,#f1a2c5
56,59,#f1a2c5
57,59,#f1a2c5
58,59,#f1a2c5
59,59,#f1a2c5
60,59,#f1a2c5
61,59,#f1a2c5
62,59,#f1a2c5
63,59,#f2f5b8
64,59,#f2f5b8
65,59,#f2f5b8
66,59,#f2f5b8
67,59,#f2f5b8
68,59,#f2f5b8
69,59,#f2f5b8
70,59,#f2f5b8
71,59,#f2f5b8
72,59,#f2f5b8
73,59,#f2f5b8
74,59,#f2f5b8
75,59,#f2f5b8
76,59,#f2f5b8
77,59,#f2f5b8
78,59,#f2f5b8
79,59,#f2f5b8
80,59,#f2f5b8
81,59,#4d4f3b
26,60,#707070
27,60,#afe67b
28,60,#afe67b
29,60,#92c067
30,60,#a8b2b2
31,60,#59753e
32,60,#36432e
33,60,#d7e4e5
34,60,#d7e4e5
35,60,#d7e4e5
36,60,#d7e4e5
37,60,#d7e4e5
38,60,#d7e4e5
39,60,#d7e4e5
40,60,#d7e4e5
41,60,#d7e4e5
42,60,#d7e4e5
43,60,#d7e4e5
44,60,#d7e4e5
45,60,#d7e4e5
46,60,#d7e4e5
47,60,#d7e4e5
48,60,#d7e4e5
49,60,#f1a2c5
50,60,#f1a2c5
51,60,#f1a2c5
52,60,#f1a2c5
53,60,#f1a2c5
54,60,#f1a2c5
55,60,#f1a2c5
56,60,#f1a2c5
57,60,#f1a2c5
58,60,#f1a2c5
59,60,#f1a2c5
60,60,#f1a2c5
61,60,#f1a2c5
62,60,#f2f5b8
63,60,#f2f5b8
64,60,#f2f5b8
65,60,#f2f5b8
66,60,#f2f5b8
67,60,#f2f5b8
68,60,#f2f5b8
69,60,#f2f5b8
70,60,#f2f5b8
71,60,#f2f5b8
72,60,#f2f5b8
73,60,#f2f5b8
74,60,#f2f5b8
75,60,#f2f5b8
76,60,#f2f5b8
77,60,#f2f5b8
78,60,#f2f5b8
79,60,#f2f5b8
27,61,#3c4f2a
28,61,#afe67b
29,61,#afe67b
30,61,#afe67b
31,61,#afe67b
32,61,#afe67b
33,61,#afe67b
34,61,#afe67b
35,61,#afe67b
36,61,#23291f
37,61,#d7e4e5
38,61,#d7e4e5
39,61,#d7e4e5
40,61,#d7e4e5
41,61,#d7e4e5
42,61,#d7e4e5
43,61,#d7e4e5
44,61,#d7e4e5
45,61,#d7e4e5
46,61,#d7e4e5
47,61,#d7e4e5
48,61,#f1a2c5
49,61,#f1a2c5
50,61,#f1a2c5
51,61,#f1a2c5
52,61,#f1a2c5
53,61,#f1a2c5
54,61,#f1a2c5
55,61,#f1a2c5
56,61,#f1a2c5
57,61,#f1a2c5
58,61,#f1a2c5
59,61,#f1a2c5
60,61,#f1a2c5
61,61,#f1a2c5
62,61,#f2f5b8
63,61,#f2f5b8
64,61,#f2f5b8
65,61,#f2f5b8
66,61,#f2f5b8
67,61,#f2f5b8
68,61,#f2f5b8
69,61,#f2f5b8
70,61,#f2f5b8
71,61,#f2f5b8
72,61,#f2f5b8
73,61,#f2f5b8
74,61,#f2f5b8
75,61,#f2f5b8
76,61,#f2f5b8
77,61,#f2f5b8
78,61,#7b7d5d
28,62,#afe67b
29,62,#afe67b
30,62,#afe67b
31,62,#afe67b
32,62,#afe67b
33,62,#afe67b
34,62,#afe67b
35,62,#afe67b
36,62,#afe67b
37,62,#afe67b
38,62,#afe67b
39,62,#afe67b
40,62,#afe67b
41,62,#232a20
42,62,#404f35
43,62,#3c4f2a
44,62,#36432e
45,62,#d7e4e5
46,62,#d7e4e5
47,62,#c988a5
48,62,#f1a2c5
49,62,#f1a2c5
50,62,#f1a2c5
51,62,#f1a2c5
52,62,#f1a2c5
53,62,#f1a2c5
54,62,#f1a2c5
55,62,#f1a2c5
56,62,#f1a2c5
57,62,#f1a2c5
58,62,#f1a2c5
59,62,#f1a2c5
60,62,#f1a2c5
61,62,#f1a2c5
62,62,#7a5364
63,62,#f2f5b8
64,62,#f2f5b8
65,62,#f2f5b8
66,62,#f2f5b8
67,62,#f2f5b8
68,62,#f2f5b8
69,62,#f2f5b8
70,62,#f2f5b8
71,62,#f2f5b8
72,62,#f2f5b8
73,62,#f2f5b8
74,62,#f2f5b8
75,62,#f2f5b8
76,62,#f2f5b8
77,62,#f2f5b8
27,63,#3c4f2a
28,63,#afe67b
29,63,#afe67b
30,63,#afe67b
31,63,#afe67b
32,63,#afe67b
33,63,#afe67b
34,63,#afe67b
35,63,#afe67b
36,63,#afe67b
37,63,#afe67b
38,63,#afe67b
39,63,#afe67b
40,63,#afe67b
41,63,#afe67b
42,63,#afe67b
43,63,#afe67b
44,63,#afe67b
45,63,#afe67b
46,63,#f1a2c5
47,63,#f1a2c5
48,63,#f1a2c5
49,63,#f1a2c5
50,63,#f1a2c5
51,63,#f1a2c5
52,63,#f1a2c5
53,63,#f1a2c5
54,63,#f1a2c5
55,63,#f1a2c5
56,63,#f1a2c5
57,63,#f1a2c5
58,63,#f1a2c5
59,63,#f1a2c5
60,63,#f1a2c5
61,63,#f1a2c5
62,63,#f1a2c5
63,63,#c487a0
64,63,#bc7f9a
65,63,#f2f5b8
66,63,#f2f5b8
67,63,#f2f5b8
68,63,#f2f5b8
69,63,#f2f5b8
70,63,#f2f5b8
71,63,#f2f5b8
72,63,#f2f5b8
73,63,#f2f5b8
74,63,#f2f5b8
75,63,#f2f5b8
76,63,#f2f5b8
77,63,#f2f5b8
28,64,#afe67b
29,64,#afe67b
30,64,#afe67b
31,64,#afe67b
32,64,#afe67b
33,64,#afe67b
34,64,#afe67b
35,64,#afe67b
36,64,#afe67b
37,64,#afe67b
38,64,#afe67b
39,64,#afe67b
40,64,#afe67b
41,64,#afe67b
42,64,#afe67b
43,64,#afe67b
44,64,#afe67b
45,64,#92c067
46,64,#f1a2c5
47,64,#f1a2c5
48,64,#f1a2c5
49,64,#f1a2c5
50,64,#f1a2c5
51,64,#f1a2c5
52,64,#3c2931
53,64,#694756
54,64,#f1a2c5
55,64,#f1a2c5
56,64,#f1a2c5
57,64,#f1a2c5
58,64,#f1a2c5
59,64,#f1a2c5
60,64,#f1a2c5
61,64,#f1a2c5
62,64,#f1a2c5
63,64,#f1a2c5
64,64,#f1a2c5
65,64,#f2f5b8
66,64,#f2f5b8
67,64,#f2f5b8
68,64,#f2f5b8
69,64,#f2f5b8
70,64,#f2f5b8
71,64,#f2f5b8
72,64,#f2f5b8
73,64,#f2f5b8
74,64,#f2f5b8
75,64,#f2f5b8
76,64,#f2f5b8
77,64,#f2f5b8
25,65,#92c067
26,65,#afe67b
27,65,#afe67b
28,65,#afe67b
29,65,#afe67b
30,65,#afe67b
31,65,#afe67b
32,65,#afe67b
33,65,#afe67b
34,65,#afe67b
35,65,#afe67b
36,65,#afe67b
37,65,#afe67b
38,65,#afe67b
39,65,#afe67b
40,65,#afe67b
41,65,#afe67b
42,65,#afe67b
43,65,#afe67b
44,65,#afe67b
45,65,#25241c
46,65,#f1a2c5
47,65,#f1a2c5
48,65,#f1a2c5
49,65,#f1a2c5
50,65,#f1a2c5
51,65,#f1a2c5
52,65,#c484a0
53,65,#b57a94
54,65,#f1a2c5
55,65,#f1a2c5
56,65,#f1a2c5
57,65,#f1a2c5
58,65,#f1a2c5
59,65,#f1a2c5
60,65,#f1a2c5
61,65,#f1a2c5
62,65,#f1a2c5
63,65,#f1a2c5
64,65,#f1a2c5
65,65,#f1a2c5
66,65,#f2f5b8
67,65,#f2f5b8
68,65,#f2f5b8
69,65,#f2f5b8
70,65,#f2f5b8
71,65,#f2f5b8
72,65,#f2f5b8
73,65,#f2f5b8
74,65,#f2f5b8
75,65,#f2f5b8
76,65,#f2f5b8
23,66,#50564b
24,66,#afe67b
25,66,#afe67b
26,66,#afe67b
27,66,#afe67b
28,66,#afe67b
29,66,#afe67b
30,66,#afe67b
31,66,#afe67b
32,66,#afe67b
33,66,#afe67b
34,66,#afe67b
35,66,#afe67b
36,66,#afe67b
37,66,#afe67b
38,66,#afe67b
39,66,#afe67b
40,66,#afe67b
41,66,#afe67b
42,66,#afe67b
43,66,#afe67b
44,66,#afe67b
45,66,#f1a2c5
46,66,#f1a2c5
47,66,#f1a2c5
48,66,#f1a2c5
49,66,#f1a2c5
50,66,#f1a2c5
51,66,#f1a2c5
52,66,#f1a2c5
53,66,#f1a2c5
54,66,#f1a2c5
55,66,#f1a2c5
56,66,#f1a2c5
57,66,#f1a2c5
58,66,#f1a2c5
59,66,#f1a2c5
60,66,#f1a2c5
61,66,#f1a2c5
62,66,#f1a2c5
63,66,#f1a2c5
64,66,#f1a2c5
65,66,#bf839c
66,66,#f2f5b8
67,66,#f2f5b8
68,66,#f2f5b8
69,66,#f2f5b8
70,66,#f2f5b8
71,66,#f2f5b8
72,66,#f2f5b8
73,66,#f2f5b8
74,66,#f2f5b8
75,66,#f2f5b8
76,66,#f2f5b8
77,66,#f2f5b8
24,67,#a5d974
25,67,#afe67b
26,67,#afe67b
27,67,#afe67b
28,67,#afe67b
29,67,#afe67b
30,67,#afe67b
31,67,#afe67b
32,67,#afe67b
33,67,#afe67b
34,67,#afe67b
35,67,#afe67b
36,67,#afe67b
37,67,#afe67b
38,67,#afe67b
39,67,#afe67b
40,67,#afe67b
41,67,#afe67b
42,67,#afe67b
43,67,#afe67b
44,67,#afe67b
45,67,#afe67b
46,67,#f1a2c5
47,67,#f1a2c5
48,67,#f1a2c5
49,67,#f1a2c5
50,67,#f1a2c5
51,67,#f1a2c5
52,67,#f1a2c5
53,67,#000000
54,67,#f1a2c5
55,67,#f1a2c5
56,67,#f1a2c5
57,67,#f1a2c5
58,67,#f1a2c5
59,67,#f1a2c5
60,67,#f2f5b8
61,67,#f2f5b8
62,67,#7b7d5d
63,67,#bc7f9a
64,67,#c988a5
65,67,#f2f5b8
66,67,#f2f5b8
67,67,#f2f5b8
68,67,#f2f5b8
69,67,#f2f5b8
70,67,#f2f5b8
71,67,#f2f5b8
72,67,#f2f5b8
73,67,#f2f5b8
74,67,#f2f5b8
75,67,#f2f5b8
76,67,#f2f5b8
77,67,#f2f5b8
78,67,#f2f5b8
79,67,#efefef
25,68,#afe67b
26,68,#afe67b
27,68,#afe67b
28,68,#afe67b
29,68,#afe67b
30,68,#afe67b
31,68,#afe67b
32,68,#afe67b
33,68,#afe67b
34,68,#afe67b
35,68,#afe67b
36,68,#afe67b
37,68,#afe67b
38,68,#afe67b
39,68,#afe67b
40,68,#afe67b
41,68,#afe67b
42,68,#afe67b
43,68,#afe67b
44,68,#afe67b
45,68,#afe67b
46,68,#bc809b
47,68,#f1a2c5
48,68,#f1a2c5
49,68,#f1a2c5
50,68,#f1a2c5
51,68,#f1a2c5
52,68,#f1a2c5
53,68,#694756
54,68,#f1a2c5
55,68,#f1a2c5
56,68,#f1a2c5
57,68,#f1a2c5
58,68,#f1a2c5
59,68,#f1a2c5
60,68,#f2f5b8
61,68,#f2f5b8
62,68,#f2f5b8
63,68,#f2f5b8
64,68,#f2f5b8
65,68,#f2f5b8
66,68,#f2f5b8
67,68,#f2f5b8
68,68,#f2f5b8
69,68,#f2f5b8
70,68,#f2f5b8
71,68,#f2f5b8
72,68,#f2f5b8
73,68,#f2f5b8
74,68,#f2f5b8
75,68,#f2f5b8
76,68,#f2f5b8
77,68,#f2f5b8
78,68,#f2f5b8
79,68,#f2f5b8
24,69,#afe67b
25,69,#afe67b
26,69,#afe67b
27,69,#afe67b
28,69,#afe67b
29,69,#afe67b
30,69,#afe67b
31,69,#afe67b
32,69,#afe67b
33,69,#afe67b
34,69,#afe67b
35,69,#afe67b
36,69,#afe67b
37,69,#afe67b
38,69,#afe67b
39,69,#afe67b
40,69,#afe67b
41,69,#afe67b
42,69,#92c067
43,69,#f1a2c5
44,69,#946579
45,69,#92c067
46,69,#f1a2c5
47,69,#f1a2c5
48,69,#f1a2c5
49,69,#f1a2c5
50,69,#f1a2c5
51,69,#f1a2c5
52,69,#3c2931
53,69,#3c2931
54,69,#f1a2c5
55,69,#f1a2c5
56,69,#f1a2c5
57,69,#f1a2c5
58,69,#f1a2c5
59,69,#c988a5
60,69,#f2f5b8
61,69,#f2f5b8
62,69,#f2f5b8
63,69,#f2f5b8
64,69,#f2f5b8
65,69,#f2f5b8
66,69,#f2f5b8
67,69,#f2f5b8
68,69,#f2f5b8
69,69,#f2f5b8
70,69,#f2f5b8
71,69,#f2f5b8
72,69,#f2f5b8
73,69,#f2f5b8
74,69,#f2f5b8
75,69,#f2f5b8
76,69,#f2f5b8
77,69,#f2f5b8
78,69,#f2f5b8
79,69,#f2f5b8
80,69,#cfcfcf
21,70,#afe67b
22,70,#afe67b
23,70,#afe67b
24,70,#afe67b
25,70,#afe67b
26,70,#afe67b
27,70,#afe67b
28,70,#afe67b
29,70,#afe67b
30,70,#afe67b
31,70,#afe67b
32,70,#afe67b
33,70,#afe67b
34,70,#afe67b
35,70,#afe67b
36,70,#afe67b
37,70,#afe67b
38,70,#afe67b
39,70,#afe67b
40,70,#403532
41,70,#694f54
42,70,#f1a2c5
43,70,#f1a2c5
44,70,#f1a2c5
45,70,#f1a2c5
46,70,#f1a2c5
47,70,#f1a2c5
48,70,#f1a2c5
49,70,#f1a2c5
50,70,#f1a2c5
51,70,#f1a2c5
52,70,#2d1e25
53,70,#885b6f
54,70,#f1a2c5
55,70,#f1a2c5
56,70,#f1a2c5
57,70,#f1a2c5
58,70,#f1a2c5
59,70,#cacd9a
60,70,#f2f5b8
61,70,#f2f5b8
62,70,#f2f5b8
63,70,#f2f5b8
64,70,#f2f5b8
65,70,#f2f5b8
66,70,#f2f5b8
67,70,#f2f5b8
68,70,#c5c795
69,70,#f2f5b8
70,70,#3d3d2e
71,70,#000000
72,70,#3d3d2e
73,70,#3d3d2e
74,70,#f2f5b8
75,70,#f2f5b8
76,70,#f2f5b8
77,70,#f2f5b8
78,70,#f2f5b8
79,70,#f2f5b8
80,70,#f2f5b8
21,71,#afe67b
22,71,#afe67b
23,71,#afe67b
24,71,#afe67b
25,71,#afe67b
26,71,#afe67b
27,71,#afe67b
28,71,#afe67b
29,71,#afe67b
30,71,#628145
31,71,#2c3a1f
32,71,#2c3a1f
33,71,#afe67b
34,71,#afe67b
35,71,#afe67b
36,71,#afe67b
37,71,#afe67b
38,71,#afe67b
39,71,#bc7f99
40,71,#f1a2c5
41,71,#f1a2c5
42,71,#f1a2c5
43,71,#f1a2c5
44,71,#f1a2c5
45,71,#f1a2c5
46,71,#f1a2c5
47,71,#f1a2c5
48,71,#f1a2c5
49,71,#f1a2c5
50,71,#f1a2c5
51,71,#f1a2c5
52,71,#f1a2c5
53,71,#e298b9
54,71,#f1a2c5
55,71,#f1a2c5
56,71,#f1a2c5
57,71,#f1a2c5
58,71,#f1a2c5
59,71,#f2f5b8
60,71,#f2f5b8
61,71,#f2f5b8
62,71,#f2f5b8
63,71,#f2f5b8
64,71,#f2f5b8
65,71,#f2f5b8
66,71,#f2f5b8
67,71,#f2f5b8
68,71,#f2f5b8
69,71,#6a6b51
70,71,#0f0f0c
71,71,#979973
72,71,#f2f5b8
73,71,#000000
74,71,#6a6b51
75,71,#f2f5b8
76,71,#f2f5b8
77,71,#f2f5b8
78,71,#f2f5b8
79,71,#f2f5b8
80,71,#f2f5b8
81,71,#e5e8ae
19,72,#3c4f2a
20,72,#afe67b
21,72,#afe67b
22,72,#afe67b
23,72,#afe67b
24,72,#afe67b
25,72,#afe67b
26,72,#afe67b
27,72,#afe67b
28,72,#afe67b
29,72,#afe67b
30,72,#000000
31,72,#000000
32,72,#83ac5c
33,72,#afe67b
34,72,#afe67b
35,72,#afe67b
36,72,#afe67b
37,72,#afe67b
38,72,#f1a2c5
39,72,#f1a2c5
40,72,#f1a2c5
41,72,#f1a2c5
42,72,#f1a2c5
43,72,#f1a2c5
44,72,#f1a2c5
45,72,#f1a2c5
46,72,#f1a2c5
47,72,#f1a2c5
48,72,#f1a2c5
49,72,#f1a2c5
50,72,#f1a2c5
51,72,#f1a2c5
52,72,#f1a2c5
53,72,#f1a2c5
54,72,#f1a2c5
55,72,#f1a2c5
56,72,#f1a2c5
57,72,#f1a2c5
58,72,#f2f5b8
59,72,#f2f5b8
60,72,#f2f5b8
61,72,#f2f5b8
62,72,#f2f5b8
63,72,#f2f5b8
64,72,#f2f5b8
65,72,#f2f5b8
66,72,#f2f5b8
67,72,#f2f5b8
68,72,#f2f5b8
69,72,#f2f5b8
70,72,#f2f5b8
71,72,#f2f5b8
72,72,#f2f5b8
73,72,#f2f5b8
74,72,#f2f5b8
75,72,#f2f5b8
76,72,#f2f5b8
77,72,#f2f5b8
78,72,#f2f5b8
79,72,#f2f5b8
80,72,#f2f5b8
81,72,#f2f5b8
82,72,#cacd9a
85,72,#c5c5c4
20,73,#303f22
21,73,#afe67b
22,73,#afe67b
23,73,#afe67b
24,73,#afe67b
25,73,#afe67b
26,73,#afe67b
27,73,#afe67b
28,73,#afe67b
29,73,#afe67b
30,73,#83ac5c
31,73,#a4d873
32,73,#afe67b
33,73,#afe67b
34,73,#afe67b
35,73,#afe67b
36,73,#afe67b
37,73,#afe67b
38,73,#f1a2c5
39,73,#f1a2c5
40,73,#f1a2c5
41,73,#f1a2c5
42,73,#f1a2c5
43,73,#f1a2c5
44,73,#f1a2c5
45,73,#f1a2c5
46,73,#f1a2c5
47,73,#f1a2c5
48,73,#f1a2c5
49,73,#f1a2c5
50,73,#f1a2c5
51,73,#f1a2c5
52,73,#f1a2c5
53,73,#f1a2c5
54,73,#f1a2c5
55,73,#f1a2c5
56,73,#f1a2c5
57,73,#f1a2c5
58,73,#bc7f9a
59,73,#f2f5b8
60,73,#f2f5b8
61,73,#f2f5b8
62,73,#f2f5b8
63,73,#f2f5b8
64,73,#f2f5b8
65,73,#f2f5b8
66,73,#f2f5b8
67,73,#f2f5b8
68,73,#f2f5b8
69,73,#f2f5b8
70,73,#f2f5b8
71,73,#f2f5b8
72,73,#f2f5b8
73,73,#f2f5b8
74,73,#f2f5b8
75,73,#f2f5b8
76,73,#f2f5b8
77,73,#f2f5b8
78,73,#f2f5b8
79,73,#f2f5b8
80,73,#f2f5b8
81,73,#f2f5b8
82,73,#f2f5b8
83,73,#e5e8ae
84,73,#979795
85,73,#7b7d5d
86,73,#efefef
21,74,#cfcfcf
22,74,#afe67b
23,74,#afe67b
24,74,#afe67b
25,74,#afe67b
26,74,#afe67b
27,74,#afe67b
28,74,#afe67b
29,74,#afe67b
30,74,#afe67b
31,74,#8ebb64
32,74,#000000
33,74,#afe67b
34,74,#afe67b
35,74,#afe67b
36,74,#afe67b
37,74,#afe67b
38,74,#424932
39,74,#f1a2c5
40,74,#f1a2c5
41,74,#f1a2c5
42,74,#f1a2c5
43,74,#f1a2c5
44,74,#f1a2c5
45,74,#f1a2c5
46,74,#f1a2c5
47,74,#f1a2c5
48,74,#f1a2c5
49,74,#f1a2c5
50,74,#f1a2c5
51,74,#f1a2c5
52,74,#f1a2c5
53,74,#f1a2c5
54,74,#f1a2c5
55,74,#f1a2c5
56,74,#f1a2c5
57,74,#f1a2c5
58,74,#7b7d5d
59,74,#f2f5b8
60,74,#f2f5b8
61,74,#f2f5b8
62,74,#f2f5b8
63,74,#f2f5b8
64,74,#f2f5b8
65,74,#f2f5b8
66,74,#f2f5b8
67,74,#f2f5b8
68,74,#f2f5b8
69,74,#f2f5b8
70,74,#f2f5b8
71,74,#f2f5b8
72,74,#f2f5b8
73,74,#f2f5b8
74,74,#f2f5b8
75,74,#f2f5b8
76,74,#f2f5b8
77,74,#f2f5b8
78,74,#f2f5b8
79,74,#f2f5b8
80,74,#f2f5b8
81,74,#f2f5b8
82,74,#f2f5b8
83,74,#f2f5b8
84,74,#f2f5b8
85,74,#f2f5b8
22,75,#afe67b
23,75,#afe67b
24,75,#afe67b
25,75,#afe67b
26,75,#afe67b
27,75,#afe67b
28,75,#afe67b
29,75,#afe67b
30,75,#2c3a1f
31,75,#afe67b
32,75,#afe67b
33,75,#afe67b
34,75,#afe67b
35,75,#afe67b
36,75,#afe67b
37,75,#afe67b
38,75,#ba8197
39,75,#f1a2c5
40,75,#f1a2c5
41,75,#f1a2c5
42,75,#f1a2c5
43,75,#f1a2c5
44,75,#f1a2c5
45,75,#f1a2c5
46,75,#f1a2c5
47,75,#f1a2c5
48,75,#f1a2c5
49,75,#f1a2c5
50,75,#f1a2c5
51,75,#f1a2c5
52,75,#f1a2c5
53,75,#f1a2c5
54,75,#f1a2c5
55,75,#f1a2c5
56,75,#f1a2c5
57,75,#f2f5b8
58,75,#f2f5b8
59,75,#f2f5b8
60,75,#f2f5b8
61,75,#f2f5b8
62,75,#f2f5b8
63,75,#f2f5b8
64,75,#f2f5b8
65,75,#f2f5b8
66,75,#f2f5b8
67,75,#f2f5b8
68,75,#f2f5b8
69,75,#f2f5b8
70,75,#f2f5b8
71,75,#f2f5b8
72,75,#f2f5b8
73,75,#f2f5b8
74,75,#f2f5b8
75,75,#f2f5b8
76,75,#f2f5b8
77,75,#f2f5b8
78,75,#f2f5b8
79,75,#f2f5b8
80,75,#f2f5b8
81,75,#f2f5b8
82,75,#f2f5b8
83,75,#f2f5b8
84,75,#f2f5b8
86,75,#bfbfbf
22,76,#afe67b
23,76,#afe67b
24,76,#afe67b
25,76,#afe67b
26,76,#afe67b
27,76,#afe67b
28,76,#afe67b
29,76,#afe67b
30,76,#afe67b
31,76,#afe67b
32,76,#8ebb64
33,76,#afe67b
34,76,#afe67b
35,76,#afe67b
36,76,#afe67b
37,76,#afe67b
38,76,#afe67b
39,76,#f1a2c5
40,76,#f1a2c5
41,76,#f1a2c5
42,76,#f1a2c5
43,76,#f1a2c5
44,76,#f1a2c5
45,76,#f1a2c5
46,76,#f1a2c5
47,76,#f1a2c5
48,76,#f1a2c5
49,76,#f1a2c5
50,76,#f1a2c5
51,76,#f1a2c5
52,76,#f1a2c5
53,76,#f1a2c5
54,76,#f1a2c5
55,76,#f1a2c5
56,76,#f1a2c5
57,76,#f2f5b8
58,76,#f2f5b8
59,76,#f2f5b8
60,76,#f2f5b8
61,76,#f2f5b8
62,76,#f2f5b8
63,76,#f2f5b8
64,76,#f2f5b8
65,76,#f2f5b8
66,76,#f2f5b8
67,76,#f2f5b8
68,76,#f2f5b8
69,76,#f2f5b8
70,76,#f2f5b8
71,76,#f2f5b8
72,76,#f2f5b8
73,76,#f2f5b8
74,76,#f2f5b8
75,76,#f2f5b8
76,76,#f2f5b8
77,76,#f2f5b8
78,76,#f2f5b8
79,76,#f2f5b8
80,76,#f2f5b8
81,76,#f2f5b8
82,76,#f2f5b8
83,76,#f2f5b8
84,76,#f2f5b8
85,76,#f2f5b8
22,77,#2c3a1f
23,77,#afe67b
24,77,#afe67b
25,77,#afe67b
26,77,#afe67b
27,77,#afe67b
28,77,#afe67b
29,77,#afe67b
30,77,#2c3a1f
31,77,#83ac5c
32,77,#83ac5c
33,77,#afe67b
34,77,#afe67b
35,77,#afe67b
36,77,#afe67b
37,77,#afe67b
38,77,#89b460
39,77,#c988a5
40,77,#f1a2c5
41,77,#f1a2c5
42,77,#f1a2c5
43,77,#f1a2c5
44,77,#f1a2c5
45,77,#f1a2c5
46,77,#f1a2c5
47,77,#f1a2c5
48,77,#f1a2c5
49,77,#f1a2c5
50,77,#f1a2c5
51,77,#f1a2c5
52,77,#f1a2c5
53,77,#f1a2c5
54,77,#f1a2c5
55,77,#f1a2c5
56,77,#f2f5b8
57,77,#f2f5b8
58,77,#f2f5b8
59,77,#f2f5b8
60,77,#f2f5b8
61,77,#f2f5b8
62,77,#f2f5b8
63,77,#f2f5b8
64,77,#f2f5b8
65,77,#f2f5b8
66,77,#f2f5b8
67,77,#f2f5b8
68,77,#f2f5b8
69,77,#f2f5b8
70,77,#f2f5b8
71,77,#f2f5b8
72,77,#f2f5b8
73,77,#f2f5b8
74,77,#f2f5b8
75,77,#f2f5b8
76,77,#353634
77,77,#939570
78,77,#f2f5b8
79,77,#f2f5b8
80,77,#f2f5b8
81,77,#f2f5b8
82,77,#f2f5b8
83,77,#f2f5b8
84,77,#f2f5b8
23,78,#afe67b
24,78,#afe67b
25,78,#afe67b
26,78,#afe67b
27,78,#afe67b
28,78,#afe67b
29,78,#afe67b
30,78,#2c3a1f
31,78,#83ac5c
32,78,#83ac5c
33,78,#afe67b
34,78,#afe67b
35,78,#afe67b
36,78,#afe67b
37,78,#f1a2c5
38,78,#f1a2c5
39,78,#f1a2c5
40,78,#f1a2c5
41,78,#f1a2c5
42,78,#f1a2c5
43,78,#f1a2c5
44,78,#f1a2c5
45,78,#f1a2c5
46,78,#f1a2c5
47,78,#f1a2c5
48,78,#f1a2c5
49,78,#f1a2c5
50,78,#f1a2c5
51,78,#f1a2c5
52,78,#f1a2c5
53,78,#f1a2c5
54,78,#f1a2c5
55,78,#6c5256
56,78,#f2f5b8
57,78,#f2f5b8
58,78,#f2f5b8
59,78,#f2f5b8
60,78,#f2f5b8
61,78,#f2f5b8
62,78,#f2f5b8
63,78,#f2f5b8
64,78,#2f3024
65,78,#f2f5b8
66,78,#f2f5b8
67,78,#f2f5b8
68,78,#cacd9a
69,78,#f2f5b8
70,78,#c1c1c1
71,78,#f1f1f0
72,78,#939570
73,78,#f2f5b8
74,78,#f2f5b8
76,78,#f2f5b8
77,78,#f2f5b8
78,78,#f2f5b8
79,78,#f2f5b8
80,78,#f2f5b8
81,78,#e5e8ae
82,78,#c1c1c1
84,78,#b5b88a
23,79,#1c2018
24,79,#afe67b
25,79,#afe67b
26,79,#afe67b
27,79,#afe67b
28,79,#afe67b
29,79,#afe67b
30,79,#afe67b
31,79,#83ac5c
32,79,#afe67b
33,79,#afe67b
34,79,#afe67b
35,79,#afe67b
36,79,#afe67b
37,79,#c988a5
38,79,#f1a2c5
39,79,#f1a2c5
40,79,#f1a2c5
41,79,#f1a2c5
42,79,#f1a2c5
43,79,#f1a2c5
44,79,#f1a2c5
45,79,#f1a2c5
46,79,#f1a2c5
47,79,#f1a2c5
48,79,#f1a2c5
49,79,#f1a2c5
50,79,#f1a2c5
51,79,#f1a2c5
52,79,#f1a2c5
53,79,#f1a2c5
54,79,#c988a5
55,79,#f2f5b8
56,79,#f2f5b8
57,79,#f2f5b8
58,79,#f2f5b8
59,79,#f2f5b8
60,79,#f2f5b8
61,79,#bdbf90
68,79,#464741
69,79,#cfcfcf
76,79,#707070
78,79,#484943
79,79,#f2f5b8
80,79,#f2f5b8
81,79,#f2f5b8
82,79,#f2f5b8
83,79,#b5b88a
25,80,#afe67b
26,80,#afe67b
27,80,#afe67b
28,80,#afe67b
29,80,#afe67b
30,80,#2c3a1f
31,80,#83ac5c
32,80,#afe67b
33,80,#afe67b
34,80,#afe67b
35,80,#afe67b
36,80,#afe67b
37,80,#89b460
38,80,#afe67b
39,80,#afe67b
40,80,#344125
41,80,#f1a2c5
42,80,#f1a2c5
43,80,#f1a2c5
44,80,#f1a2c5
45,80,#f1a2c5
46,80,#f1a2c5
47,80,#a5d974
48,80,#434a32
49,80,#f1a2c5
50,80,#f1a2c5
51,80,#c5c696
52,80,#8d8e6b
53,80,#f1a2c5
54,80,#cacd9a
55,80,#f2f5b8
56,80,#f2f5b8
57,80,#f2f5b8
58,80,#f2f5b8
59,80,#464741
60,80,#f2f5b8
61,80,#f2f5b8
78,80,#b7ba8b
79,80,#bfbfbf
80,80,#cfcfcf
81,80,#f2f5b8
82,80,#f2f5b8
25,81,#4c5048
26,81,#afe67b
27,81,#afe67b
28,81,#afe67b
29,81,#afe67b
30,81,#8ebb64
31,81,#83ac5c
32,81,#afe67b
33,81,#afe67b
34,81,#afe67b
35,81,#afe67b
36,81,#afe67b
37,81,#afe67b
38,81,#afe67b
39,81,#afe67b
40,81,#afe67b
41,81,#f1a2c5
42,81,#f1a2c5
43,81,#f1a2c5
44,81,#f1a2c5
45,81,#f1a2c5
46,81,#6e8c4e
47,81,#afe67b
48,81,#afe67b
49,81,#afe67b
50,81,#f2f5b8
51,81,#f2f5b8
52,81,#f2f5b8
53,81,#92946f
54,81,#bdbf90
55,81,#f2f5b8
56,81,#f2f5b8
57,81,#f2f5b8
58,81,#8e906c
60,81,#707161
61,81,#353634
78,81,#373836
79,81,#bdbf90
80,81,#53553f
81,81,#f2f5b8
82,81,#51514d
26,82,#afe67b
27,82,#afe67b
28,82,#afe67b
29,82,#afe67b
30,82,#afe67b
31,82,#afe67b
32,82,#afe67b
33,82,#afe67b
34,82,#afe67b
35,82,#afe67b
36,82,#afe67b
37,82,#afe67b
38,82,#afe67b
39,82,#afe67b
40,82,#afe67b
41,82,#afe67b
42,82,#afe67b
43,82,#afe67b
44,82,#f1a2c5
45,82,#afe67b
46,82,#f2f5b8
47,82,#f2f5b8
48,82,#f2f5b8
49,82,#f2f5b8
50,82,#f2f5b8
51,82,#f2f5b8
52,82,#f2f5b8
53,82,#f2f5b8
54,82,#f2f5b8
55,82,#f2f5b8
56,82,#f2f5b8
57,82,#f2f5b8
58,82,#bbbe8e
80,82,#b7ba8b
81,82,#80817d
25,83,#404040
27,83,#afe67b
28,83,#afe67b
29,83,#afe67b
30,83,#afe67b
31,83,#afe67b
32,83,#afe67b
33,83,#afe67b
34,83,#afe67b
35,83,#afe67b
36,83,#afe67b
37,83,#afe67b
38,83,#afe67b
39,83,#afe67b
40,83,#afe67b
41,83,#afe67b
42,83,#afe67b
43,83,#afe67b
44,83,#f1a2c5
45,83,#afe67b
46,83,#f2f5b8
47,83,#f2f5b8
48,83,#f2f5b8
49,83,#f2f5b8
50,83,#f2f5b8
51,83,#f2f5b8
52,83,#f2f5b8
53,83,#f2f5b8
54,83,#f2f5b8
55,83,#f2f5b8
56,83,#f2f5b8
57,83,#f2f5b8
58,83,#f2f5b8
59,83,#404040
24,84,#afe67b
25,84,#afe67b
26,84,#afe67b
27,84,#afe67b
28,84,#afe67b
29,84,#afe67b
30,84,#afe67b
31,84,#afe67b
32,84,#afe67b
33,84,#afe67b
34,84,#afe67b
35,84,#afe67b
36,84,#afe67b
37,84,#afe67b
38,84,#afe67b
39,84,#afe67b
40,84,#afe67b
41,84,#afe67b
42,84,#afe67b
43,84,#f2f5b8
44,84,#c5c795
45,84,#f2f5b8
46,84,#f2f5b8
47,84,#f2f5b8
48,84,#f2f5b8
49,84,#f2f5b8
50,84,#f2f5b8
51,84,#f2f5b8
52,84,#f2f5b8
53,84,#f2f5b8
54,84,#f2f5b8
55,84,#f2f5b8
56,84,#404040
57,84,#f2f5b8
58,84,#404040
24,85,#343533
25,85,#afe67b
26,85,#afe67b
27,85,#afe67b
28,85,#afe67b
29,85,#afe67b
30,85,#afe67b
31,85,#afe67b
32,85,#afe67b
33,85,#afe67b
34,85,#afe67b
35,85,#afe67b
36,85,#afe67b
37,85,#afe67b
38,85,#afe67b
39,85,#afe67b
40,85,#afe67b
41,85,#afe67b
42,85,#afe67b
43,85,#f2f5b8
44,85,#f2f5b8
45,85,#f2f5b8
46,85,#f2f5b8
47,85,#f2f5b8
48,85,#f2f5b8
49,85,#f2f5b8
50,85,#f2f5b8
51,85,#f2f5b8
52,85,#f2f5b8
53,85,#f2f5b8
54,85,#f2f5b8
55,85,#c5c795
56,85,#f2f5b8
57,85,#c5c5c4
25,86,#20261b
26,86,#afe67b
27,86,#afe67b
28,86,#afe67b
29,86,#afe67b
30,86,#afe67b
31,86,#afe67b
32,86,#afe67b
33,86,#afe67b
34,86,#afe67b
35,86,#afe67b
36,86,#afe67b
37,86,#afe67b
38,86,#afe67b
39,86,#afe67b
40,86,#afe67b
41,86,#afe67b
42,86,#afe67b
43,86,#7b7d5d
44,86,#f2f5b8
45,86,#f2f5b8
46,86,#f2f5b8
47,86,#f2f5b8
48,86,#f2f5b8
49,86,#f2f5b8
50,86,#f2f5b8
51,86,#53553f
52,86,#f2f5b8
53,86,#3e3f2f
54,86,#53553f
55,86,#cfcfcf
25,87,#afe67b
26,87,#afe67b
27,87,#afe67b
28,87,#afe67b
29,87,#afe67b
30,87,#afe67b
31,87,#afe67b
32,87,#afe67b
33,87,#afe67b
34,87,#afe67b
35,87,#afe67b
36,87,#afe67b
37,87,#afe67b
38,87,#afe67b
39,87,#afe67b
40,87,#afe67b
41,87,#afe67b
42,87,#afe67b
43,87,#92c067
44,87,#f2f5b8
45,87,#f2f5b8
46,87,#f2f5b8
47,87,#f2f5b8
48,87,#f2f5b8
49,87,#f2f5b8
25,88,#afe67b
26,88,#afe67b
27,88,#afe67b
28,88,#afe67b
29,88,#afe67b
30,88,#afe67b
31,88,#afe67b
32,88,#afe67b
33,88,#afe67b
34,88,#afe67b
35,88,#afe67b
36,88,#afe67b
37,88,#afe67b
38,88,#afe67b
39,88,#afe67b
40,88,#afe67b
41,88,#afe67b
42,88,#afe67b
43,88,#afe67b
44,88,#f2f5b8
45,88,#f2f5b8
46,88,#f2f5b8
47,88,#f2f5b8
48,88,#f2f5b8
26,89,#afe67b
27,89,#afe67b
28,89,#afe67b
29,89,#afe67b
30,89,#afe67b
31,89,#afe67b
32,89,#afe67b
33,89,#afe67b
34,89,#afe67b
35,89,#afe67b
36,89,#afe67b
37,89,#afe67b
38,89,#afe67b
39,89,#afe67b
40,89,#afe67b
41,89,#afe67b
42,89,#afe67b
43,89,#afe67b
44,89,#92c067
45,89,#344325
46,89,#f2f5b8
47,89,#f2f5b8
26,90,#343533
27,90,#afe67b
28,90,#afe67b
29,90,#afe67b
30,90,#afe67b
31,90,#afe67b
32,90,#afe67b
33,90,#afe67b
34,90,#afe67b
35,90,#afe67b
36,90,#afe67b
37,90,#afe67b
38,90,#afe67b
39,90,#afe67b
40,90,#afe67b
41,90,#afe67b
42,90,#afe67b
43,90,#afe67b
44,90,#afe67b
45,90,#afe67b
46,90,#f2f5b8
47,90,#efefef
27,91,#bfbfbf
28,91,#afe67b
29,91,#afe67b
30,91,#afe67b
31,91,#afe67b
32,91,#afe67b
33,91,#afe67b
34,91,#afe67b
35,91,#afe67b
36,91,#afe67b
37,91,#afe67b
38,91,#afe67b
39,91,#afe67b
40,91,#afe67b
41,91,#afe67b
42,91,#afe67b
43,91,#afe67b
44,91,#afe67b
45,91,#4c5048
28,92,#343533
29,92,#afe67b
30,92,#afe67b
31,92,#afe67b
32,92,#afe67b
33,92,#afe67b
34,92,#afe67b
35,92,#afe67b
36,92,#afe67b
37,92,#afe67b
38,92,#afe67b
39,92,#afe67b
40,92,#afe67b
41,92,#afe67b
42,92,#afe67b
43,92,#afe67b
44,92,#50564b
29,93,#959793
30,93,#afe67b
31,93,#afe67b
32,93,#afe67b
33,93,#afe67b
34,93,#afe67b
35,93,#afe67b
36,93,#afe67b
37,93,#afe67b
38,93,#afe67b
39,93,#afe67b
40,93,#afe67b
41,93,#afe67b
42,93,#afe67b
31,94,#6b8c4b
32,94,#afe67b
33,94,#afe67b
34,94,#afe67b
35,94,#afe67b
36,94,#afe67b
37,94,#afe67b
38,94,#afe67b
39,94,#afe67b
40,94,#afe67b
41,94,#afe67b
42,94,#cfcfcf
32,95,#343533
33,95,#afe67b
34,95,#afe67b
35,95,#afe67b
36,95,#afe67b
37,95,#afe67b
38,95,#afe67b
39,95,#afe67b
40,95,#afe67b
41,95,#cfcfcf
42,95,#cfcfcf
34,96,#707070
35,96,#afe67b
34,97,#afe67b
35,97,#6b8c4b
36,97,#afe67b
